customer_id,credit_score,country,gender,age,tenure,balance,products_number,credit_card,active_member,estimated_salary,churn,predicted_churn,churn_probability
15749540,585,France,Male,36,7,0.0,2,1,0,94283.09,0,0,0.10350292989937612
15807340,525,Germany,Male,33,4,131023.76,2,0,0,55072.93,0,0,0.2696388619697921
15801062,557,Spain,Female,40,4,0.0,2,0,1,105433.53,0,0,0.20023053559860657
15572801,639,Spain,Male,34,5,139393.19,2,0,0,33950.08,0,0,0.17377726690653106
15600708,640,Spain,Female,34,3,77826.8,1,1,1,168544.85,0,0,0.315653286971623
15703544,559,Spain,Male,34,0,0.0,1,1,0,182988.94,0,0,0.4044652093682685
15704081,595,Germany,Male,30,9,130682.11,2,1,1,57862.88,0,0,0.18604582539150205
15801788,706,Germany,Female,29,6,185544.36,1,1,0,171037.63,0,0,0.40764378938205453
15592222,505,France,Male,49,7,80001.23,1,0,0,135180.11,0,1,0.7834339228725696
15584338,714,France,Female,40,0,0.0,2,1,0,62762.12,0,0,0.23502424611988912
15730793,699,Germany,Female,54,3,111009.32,1,1,1,155905.79,1,1,0.8014068318911093
15625819,625,France,Female,38,7,0.0,1,1,0,164804.02,0,0,0.5281666861811013
15601387,721,France,Male,35,10,0.0,2,1,0,71594.26,0,0,0.09061173405256173
15761525,727,Spain,Female,31,10,96997.09,2,0,0,76614.04,0,0,0.21386296710884256
15766649,670,France,Male,38,10,89416.99,1,0,0,144275.39,0,0,0.32924117689515364
15591179,702,Spain,Male,30,2,0.0,2,1,1,145537.32,0,0,0.06939560793069194
15734005,633,France,Female,42,1,0.0,2,1,0,56865.62,0,0,0.2958954933705195
15687270,491,Spain,Female,61,8,0.0,2,0,1,139861.53,0,0,0.331581461984155
15646764,617,Germany,Female,58,3,119024.75,2,1,0,35199.24,1,1,0.7646076443514951
15610930,572,Germany,Female,35,1,139979.07,1,1,0,185662.84,0,0,0.5768069672594498
15656683,551,France,Male,52,1,0.0,1,0,0,63584.55,1,1,0.8551872985897099
15790412,471,Spain,Male,26,8,0.0,2,1,1,179655.87,0,0,0.08669650072688614
15589437,466,France,Male,26,3,156815.71,1,1,1,137476.09,0,0,0.2101122023979584
15622631,588,France,Male,44,8,154409.74,1,1,0,49324.03,1,1,0.62559177603994
15768295,778,France,Female,34,7,109564.1,1,0,1,113046.81,0,0,0.24992907812058893
15768006,729,France,Male,34,3,152303.8,1,1,0,12128.69,0,0,0.3249441087753548
15619045,776,France,Female,43,4,0.0,2,0,1,162137.5,0,0,0.2865926026323804
15694805,664,Spain,Male,35,1,115024.5,1,0,1,169665.79,0,0,0.22158538386688686
15665064,523,France,Male,36,8,158351.02,2,1,0,155304.53,0,0,0.2532410816217101
15756535,733,Germany,Male,39,5,91538.51,1,1,1,93783.0,0,0,0.427585078460355
15750803,693,France,Female,30,6,127992.25,1,1,1,50457.2,0,0,0.23518046985612284
15627665,614,France,Male,46,4,0.0,1,1,0,74379.57,1,1,0.783257234110316
15749472,775,France,Male,45,8,0.0,1,1,0,130376.68,0,1,0.7577380014700826
15640917,633,France,Male,43,5,0.0,2,1,1,48249.88,0,0,0.18863293545753024
15578866,676,France,Female,43,2,0.0,1,1,1,55119.53,0,0,0.5866016894020448
15622518,768,France,Female,26,5,51116.26,1,1,1,70454.79,1,0,0.23933004900612814
15685872,727,France,Female,29,1,146652.01,1,1,1,173486.39,0,0,0.2386027062573969
15625126,629,France,Female,40,6,0.0,2,1,1,139356.3,0,0,0.22579174275753577
15752809,702,Spain,Male,43,6,116121.67,1,1,0,61602.42,0,1,0.6260595550537837
15585580,796,Germany,Female,52,9,167194.36,1,1,1,62808.93,1,0,0.5938155213636108
15738546,530,Spain,Female,41,4,0.0,2,0,1,147606.71,0,0,0.24156788327914608
15737080,510,France,Female,32,1,0.0,2,0,1,28515.17,0,0,0.12121107243451949
15644400,709,France,Male,44,9,128601.98,1,1,0,117031.2,0,1,0.655779190763225
15745844,642,Germany,Female,40,6,129502.49,2,0,1,86099.23,1,0,0.35487185223081147
15581332,655,Germany,Female,30,1,83173.98,2,1,1,184259.6,0,0,0.13413861327528712
15640491,464,France,Female,33,10,147493.7,2,1,0,100447.53,0,0,0.2758229127270365
15673837,617,Spain,Male,61,3,113858.95,1,1,1,38129.22,0,0,0.4766724604393006
15768163,655,Germany,Female,46,7,137145.12,1,1,0,115146.4,1,1,0.9039758720906648
15607786,709,France,Male,26,6,156551.63,1,0,1,4410.77,0,0,0.19845660809454194
15668283,642,France,Male,48,9,118317.27,4,0,0,78702.98,1,1,0.9023651193192375
15592379,741,Spain,Female,42,9,121056.63,2,1,0,39122.58,0,0,0.4197313213614698
15574369,415,Spain,Male,53,5,167259.44,1,1,1,22357.25,0,0,0.5262928423759893
15641122,684,France,Male,30,2,0.0,2,1,0,83473.82,0,0,0.0858790480410234
15664204,706,Spain,Male,29,2,0.0,2,1,1,18255.51,0,0,0.07297852718673013
15736730,634,France,Female,45,2,0.0,1,1,1,143458.31,0,1,0.680281598529439
15620344,813,France,Male,29,6,0.0,1,1,0,33953.87,0,0,0.3997578041006066
15648702,775,Germany,Male,70,6,119684.88,2,1,1,74532.02,0,0,0.4112770872584721
15780770,445,France,Male,31,7,145056.59,1,1,1,175893.53,0,0,0.24311120494770969
15679075,701,France,Male,37,8,107798.85,1,1,0,16966.73,0,0,0.33750718362320603
15697567,752,France,Male,33,4,0.0,2,1,1,39570.78,0,0,0.06751688106644096
15678571,723,France,Male,21,4,0.0,2,0,0,24847.02,0,0,0.07267689045230086
15639217,806,France,Male,34,6,0.0,2,0,0,100809.99,0,0,0.08029157094751818
15654673,625,France,Male,49,6,173434.9,1,1,0,165580.93,1,1,0.7232330678405728
15718454,712,Spain,Female,44,2,0.0,2,0,0,45738.94,0,0,0.3741353926805631
15618695,571,Spain,Female,22,3,108117.1,1,0,1,53328.7,0,0,0.24713621497553653
15690153,639,France,Female,37,4,116121.84,2,0,1,181850.74,0,0,0.2447963545151451
15662488,627,France,Female,44,5,0.0,2,1,0,82969.61,1,0,0.3521539659816508
15775153,630,Spain,Male,32,4,82034.0,1,0,0,146326.45,0,0,0.30262950677823336
15697283,578,Spain,Male,23,8,0.0,2,1,0,112124.98,0,0,0.07692272997395856
15642099,679,Spain,Male,39,6,0.0,2,1,0,12266.06,0,0,0.08371814737513127
15677184,767,France,Female,35,6,115576.44,1,0,1,27922.45,0,0,0.2463696081529087
15640507,762,Spain,Female,35,3,119349.69,3,1,1,47114.18,1,1,0.7388558280751678
15615029,734,Spain,Male,39,6,0.0,1,1,1,95135.27,0,0,0.29570822928494417
15596175,659,Germany,Male,67,6,117411.6,1,1,1,45071.09,1,0,0.5870834344436505
15719508,575,Germany,Male,49,7,121205.15,4,1,1,168080.53,1,1,0.8978621532351474
15595917,580,France,Female,35,1,102097.33,1,0,1,168285.85,0,0,0.2699302851910446
15765297,766,Spain,Male,41,0,0.0,2,0,1,34283.23,0,0,0.14602280124492314
15607178,850,Germany,Male,38,3,54901.01,1,1,1,140075.55,0,0,0.24773920839627983
15775082,749,France,Male,42,1,129776.72,2,0,1,143538.51,0,0,0.28589218959088525
15585985,746,France,Male,48,5,165282.42,1,1,0,153786.46,1,1,0.7579527438977485
15648735,718,France,Male,37,8,0.0,2,1,1,142.81,0,0,0.1282411143612819
15737169,642,Spain,Male,26,8,144238.7,1,1,1,184399.76,0,0,0.21386617504438832
15731148,558,France,Male,33,0,108477.49,1,1,1,109096.71,1,0,0.1784632387455052
15592707,531,Germany,Female,64,2,175754.87,2,1,1,60721.4,0,0,0.3801507942545717
15766047,748,France,Female,41,2,91621.69,1,1,1,71139.31,0,0,0.41074402388829045
15752588,664,France,Male,36,1,0.0,2,1,1,95372.64,0,0,0.08063384581658928
15808851,511,Germany,Female,75,9,105609.17,1,0,1,105425.18,0,0,0.4685853767319397
15791111,635,France,Female,47,2,125724.95,2,1,0,63236.97,0,1,0.6486828101422079
15775108,571,France,Male,34,1,99325.04,2,0,1,186052.15,0,0,0.15051013544951125
15621083,698,France,Male,57,6,136325.48,2,1,1,72549.27,1,0,0.4167538847716793
15781574,636,Spain,Male,76,9,126534.6,1,1,1,39789.62,0,0,0.23742635446624483
15775562,538,France,Female,33,5,0.0,2,1,0,126962.41,0,0,0.1385376157541982
15772216,738,France,Female,67,1,130652.52,1,0,1,22762.23,0,0,0.37616098068846404
15632899,662,Spain,Male,20,9,104508.77,2,0,0,73107.53,0,0,0.17165389616454088
15786196,555,France,Female,44,3,105770.7,3,1,0,60533.96,1,1,0.9066018434455982
15619529,531,Spain,Male,27,8,132576.25,1,0,0,7222.92,0,0,0.28879812160430446
15683930,593,Germany,Female,32,9,134096.53,2,1,0,53931.05,1,0,0.2850704921221779
15576044,579,Germany,Male,28,6,150329.15,1,1,0,145558.42,0,0,0.39891106348211414
15574886,706,France,Male,32,6,94486.47,1,1,1,146949.74,0,0,0.1887564871181086
15797227,754,France,Male,28,8,0.0,2,1,1,52615.62,0,0,0.06852209102362934
15813917,653,Germany,Male,31,9,143321.97,1,1,0,83679.46,0,0,0.5387883410061846
15809906,558,Germany,Male,26,1,148853.29,2,1,1,24411.02,0,0,0.15631243601494163
15757661,589,France,Female,39,7,0.0,2,0,0,95985.64,0,0,0.21274847532298005
15804919,670,Spain,Female,65,1,0.0,1,1,1,177655.68,1,0,0.335099138502012
15571261,714,Germany,Female,35,6,126077.43,2,1,1,53954.24,0,0,0.3038815980939751
15727361,547,France,Female,51,1,0.0,2,1,1,56908.41,0,0,0.3406597967187785
15788930,761,Spain,Male,37,7,132730.17,1,1,0,199293.01,0,0,0.3130452570527969
15812750,591,France,Male,24,6,147360.0,1,1,1,25310.82,0,0,0.21541355428482936
15774510,714,France,Female,31,4,125169.26,1,1,1,106636.89,0,0,0.22338408744827593
15660211,629,Germany,Male,35,7,156847.29,2,1,0,31824.29,0,0,0.22772585146536264
15709737,643,France,Male,36,7,161064.64,2,0,1,84294.82,0,0,0.16852728991044721
15710295,445,Germany,Female,38,6,119413.62,2,1,0,175756.36,0,0,0.441528588946361
15788539,501,France,Female,34,3,107747.57,1,1,0,9249.36,0,0,0.3409432416885022
15635776,686,Germany,Female,43,5,154846.24,2,1,1,151903.6,0,0,0.512297802182495
15779207,500,Germany,Male,30,2,125495.64,2,1,1,68807.47,0,0,0.17595809425154016
15611729,703,Germany,Male,39,1,141559.5,1,1,1,31257.1,1,0,0.543139601187503
15705620,730,France,Male,34,5,122453.37,2,1,0,138882.98,0,0,0.17848277338604962
15572735,433,Spain,Male,27,2,0.0,2,1,1,153698.65,0,0,0.06853230633469365
15646366,521,Germany,Male,41,8,120586.54,1,0,1,20491.15,0,1,0.6686422109697571
15733872,791,Germany,Female,33,10,130229.71,2,0,0,54019.93,1,0,0.28957605639325884
15686913,757,France,Male,38,0,0.0,1,1,0,83263.06,0,0,0.37868664702475513
15628558,447,France,Female,44,5,89188.83,1,1,1,75408.24,0,0,0.5583178849034751
15770539,792,France,Male,30,1,127187.86,1,1,1,113553.42,0,0,0.1554515866608485
15778481,817,France,Male,59,1,118962.58,1,1,1,120819.58,0,0,0.4350188203275796
15679743,607,France,Female,33,8,91301.72,1,0,1,130824.57,0,0,0.26719603325772157
15731890,601,France,Male,41,1,123971.16,1,0,1,172814.99,0,0,0.3570244530990663
15763895,536,France,Male,32,7,178011.5,2,1,0,22375.14,0,0,0.28945804003505965
15600879,554,Germany,Female,36,3,157780.93,2,1,0,6089.13,0,0,0.2697453190550066
15599403,577,France,Male,60,10,125389.7,2,1,1,178616.73,0,0,0.3693538685725062
15630413,608,France,Female,41,5,0.0,2,1,1,72462.25,0,0,0.22741584022497455
15746594,732,Spain,Male,33,8,0.0,1,1,0,119882.7,0,0,0.39588090131156944
15574213,789,France,Female,53,1,158271.74,1,1,1,5036.39,1,0,0.5752322300630983
15685536,552,France,Female,34,5,0.0,2,1,1,1351.41,0,0,0.12507922576012145
15750049,621,France,Male,40,10,163823.37,1,0,0,89519.47,0,0,0.4253160079463136
15672467,766,France,Female,52,7,92510.9,2,0,1,66193.61,0,0,0.5219991970724838
15641595,685,Spain,Male,43,4,97392.18,2,1,0,43956.83,0,0,0.4097585210651759
15708357,649,Spain,Female,38,8,0.0,1,1,0,103760.53,0,0,0.5052191950202947
15619116,493,France,Female,36,2,0.0,2,0,1,99770.3,0,0,0.1418894243609153
15661349,633,France,Male,35,10,0.0,2,1,0,65675.47,0,0,0.0912577146771506
15652999,742,Germany,Male,33,1,137937.95,1,1,1,51387.1,0,0,0.4052474153356725
15602909,604,Spain,Female,41,10,0.0,2,1,1,166224.39,0,0,0.23485083909106447
15622911,759,France,Male,42,4,105420.18,1,0,1,121409.06,0,0,0.39641561039802303
15570134,683,France,Female,35,6,187530.66,2,1,1,37976.36,0,0,0.2864216593671536
15797822,678,France,Male,28,2,109137.12,1,1,1,58814.41,0,0,0.1806192551646628
15730137,628,France,Male,31,0,88421.81,1,0,0,72350.47,0,0,0.2656062936263275
15648069,850,France,Female,36,6,0.0,2,1,1,190194.95,0,0,0.1087251623343291
15802390,724,France,Female,34,2,0.0,2,1,1,118863.38,0,0,0.11413633772061255
15693382,828,France,Male,31,9,0.0,1,0,1,164257.37,0,0,0.2703022220067992
15578878,569,Spain,Female,30,3,139528.23,1,1,1,33230.37,0,0,0.2428774882606916
15795933,677,France,Female,49,3,0.0,2,1,1,187811.71,0,0,0.3055218756054823
15574795,495,France,Female,38,2,63093.01,1,1,1,47089.72,0,0,0.3685528795407997
15690164,627,Germany,Female,33,4,83199.05,1,0,0,159334.93,0,0,0.4215351568577316
15706463,597,France,Female,36,9,0.0,2,1,1,7156.09,0,0,0.1746355214106676
15635256,762,France,Male,31,7,117687.35,1,1,1,159344.43,0,0,0.17782411672585602
15630913,476,Spain,Female,69,1,105303.73,1,0,1,134260.34,0,0,0.3816061846598522
15716236,499,France,Male,35,10,0.0,2,1,0,10722.54,0,0,0.09521712889778232
15757865,642,France,Male,62,7,0.0,2,1,1,61120.75,0,0,0.19220769994158307
15672082,562,France,Male,62,3,0.0,2,1,0,105986.01,0,1,0.6095262566819428
15699507,542,France,Female,25,7,0.0,2,0,1,82393.08,0,0,0.09986663300620201
15800805,451,France,Female,31,7,140931.82,1,0,1,20388.77,0,0,0.2219830704519386
15792222,712,France,Female,37,1,106881.5,2,0,0,169386.81,0,0,0.3056554346340167
15613140,565,France,Male,34,6,0.0,1,1,1,63173.64,0,0,0.3203515929879351
15590349,732,France,Female,36,9,0.0,1,0,0,3749.0,1,0,0.36608397041535157
15663410,771,Spain,Male,51,5,135506.58,3,1,1,152479.64,1,1,0.8111132184153114
15592104,655,France,Female,41,5,0.0,1,0,0,36548.0,1,1,0.6012794193974909
15689152,683,Spain,Male,38,3,126152.84,1,0,0,15378.75,0,0,0.3489010151399801
15677783,764,Spain,Male,38,4,113607.47,1,1,0,91094.46,0,0,0.36252829541210396
15751628,438,France,Male,60,7,78391.17,1,0,1,49424.6,0,0,0.48117589661016913
15658360,762,Spain,Male,35,9,122929.42,2,0,0,149822.04,0,0,0.1771886708892306
15716041,622,Spain,Male,39,9,0.0,2,0,1,100862.36,0,0,0.09110654053040934
15603323,660,Spain,Female,33,1,0.0,2,0,0,117834.91,0,0,0.13153020704106502
15724834,498,France,Female,30,1,0.0,2,0,0,135795.53,0,0,0.12506605622478234
15720529,591,France,Male,29,6,0.0,2,1,1,108684.65,0,0,0.06957476736303812
15677369,554,Germany,Female,37,4,58629.97,1,0,0,182038.6,0,0,0.40914690550032623
15701164,506,France,Female,34,4,90307.62,1,1,1,159235.29,0,0,0.26957996632343123
15637366,505,Germany,Female,25,5,114268.85,2,1,1,126728.27,0,0,0.23312305007235457
15780628,633,France,Female,30,6,0.0,2,0,0,41642.29,0,0,0.12258577794579997
15589323,636,France,Female,24,9,0.0,2,0,1,38830.72,0,0,0.11738141784822632
15753161,768,France,Female,36,5,180169.44,2,1,0,17348.56,0,0,0.29389765633604414
15657386,712,Germany,Male,43,1,141749.74,2,0,1,90905.26,0,0,0.5421798233610943
15634949,593,Germany,Male,74,5,161434.36,2,1,1,65532.17,0,0,0.2800075569956618
15752097,708,Spain,Male,38,8,99640.89,1,1,0,12429.22,0,0,0.3390528463818866
15599126,529,France,Female,43,0,123815.86,1,1,1,78463.99,1,0,0.5336183586569528
15571193,579,Germany,Male,42,0,144386.32,1,1,1,22497.1,1,1,0.6091120674424407
15716781,815,France,Male,24,7,171922.72,1,0,1,178028.96,0,0,0.23563997510093682
15774328,606,Germany,Male,40,1,144757.97,2,1,1,166656.18,0,0,0.2984614644471975
15628767,608,Spain,Female,63,3,139529.93,2,1,1,175696.16,1,0,0.43419925458557806
15613048,648,Germany,Female,40,5,139973.65,1,1,1,667.66,1,0,0.5716055494221164
15631756,482,France,Female,35,5,147813.05,2,0,0,109029.72,0,0,0.2780021917784325
15723894,625,France,Male,45,7,137555.44,1,0,0,124607.7,0,1,0.6809661534768655
15782121,610,France,Female,27,2,0.0,2,1,0,14546.76,0,0,0.13709281914802152
15609545,548,France,Male,29,5,83442.98,1,0,1,177017.39,0,0,0.2203459660864228
15675675,850,France,Female,32,5,106290.64,1,1,0,121982.73,0,0,0.34082644611782553
15801658,580,France,Male,55,6,104305.74,1,0,1,175750.21,0,0,0.5536789253256565
15629787,652,France,Male,27,10,107303.72,2,0,0,44435.76,0,0,0.15833955543209322
15570908,687,Spain,Female,29,7,93617.07,1,0,1,113050.92,0,0,0.22231289492831474
15739438,539,France,Male,30,0,0.0,2,1,0,160979.66,0,0,0.07932012191951247
15641662,470,Germany,Male,39,5,117469.91,2,0,0,63705.9,0,0,0.3506445084548392
15804950,514,France,Female,41,7,0.0,2,1,1,3756.65,0,0,0.23084530332597744
15779738,534,France,Male,24,1,0.0,1,1,1,169653.32,0,0,0.2827960976291908
15792668,661,Germany,Male,37,7,109908.06,2,1,0,115037.67,1,0,0.3995057596957159
15748552,464,Germany,Male,37,4,155994.15,1,0,0,143665.44,0,0,0.4091843972057984
15773512,627,Spain,Female,25,4,0.0,1,1,1,194313.93,0,0,0.3561260688352049
15793366,781,Germany,Male,35,7,92526.15,2,1,1,173837.54,0,0,0.1566125454648756
15683841,555,Germany,Male,41,10,113270.2,2,1,1,185387.14,0,0,0.3500089895576311
15567897,619,Germany,Male,23,5,132725.1,1,1,1,143913.33,0,0,0.35002244202803434
15570051,775,Germany,Female,38,6,179886.41,2,0,0,153122.58,0,0,0.26323607629795714
15762238,671,Germany,Female,44,0,84745.03,2,0,1,34673.98,0,0,0.42813874294571624
15579548,735,Spain,Male,36,5,0.0,2,1,0,105152.17,0,0,0.09247978157994816
15644132,724,France,Female,30,9,142475.87,1,1,1,107848.24,0,0,0.23816878333076322
15598046,662,France,Female,39,5,139562.05,2,1,0,61636.22,0,0,0.30764764184985
15778463,657,France,Female,37,6,95845.6,1,1,0,122218.23,0,0,0.3943073154870182
15799479,809,Spain,Male,33,9,0.0,1,1,1,124045.65,0,0,0.2582751721805083
15696047,501,France,Male,35,6,99760.84,1,1,1,13591.52,0,0,0.2180838049302743
15784180,564,France,Female,36,7,206329.65,1,1,1,46632.87,1,0,0.39533604150658364
15737025,635,France,Male,33,1,0.0,3,0,0,178067.33,1,1,0.6468515344505837
15801395,790,France,Female,33,10,135120.72,1,0,0,195204.99,0,0,0.3214587086635962
15732774,656,France,Male,37,7,112291.34,1,1,0,153157.97,0,0,0.3215652841325268
15768455,679,France,Male,60,8,0.0,2,1,1,51380.9,0,0,0.20659827328373237
15712303,692,France,Male,66,4,159732.02,1,1,1,118188.15,0,0,0.319808180423692
15639662,710,France,Male,38,2,0.0,2,1,0,96.27,0,0,0.18113799119288
15791767,769,France,Female,26,7,0.0,2,1,0,176843.53,0,0,0.13007207728338843
15679587,666,France,Female,34,9,115897.12,1,1,1,25095.03,0,0,0.2612710900387698
15814846,691,France,Male,52,3,0.0,1,1,0,175843.68,1,1,0.8847306121740618
15599660,604,France,Male,36,6,116229.85,2,1,1,79633.38,0,0,0.14578983175535565
15641009,544,France,Male,37,3,84496.71,1,0,0,79972.09,0,0,0.3148445871561443
15747762,609,France,Male,32,7,118520.41,1,0,0,3815.48,0,0,0.26387764942195924
15705899,597,Spain,Male,35,0,127510.99,1,1,1,155356.34,0,0,0.2221531302348891
15691483,549,France,Female,25,5,0.0,2,0,0,190857.79,0,0,0.1228329747179104
15681206,722,France,Female,49,3,168197.66,1,1,0,140765.57,1,1,0.791746707037473
15657779,806,Spain,Male,18,3,0.0,2,1,1,86994.54,0,0,0.06693274129962792
15695339,517,Germany,Male,53,0,109172.88,1,1,0,54676.1,1,1,0.9259987203756307
15704583,651,France,Male,56,2,0.0,1,1,0,114522.68,1,1,0.8923017916222696
15621815,803,France,Female,40,6,165526.71,1,1,0,12328.08,0,0,0.5275925257820826
15668009,747,Spain,Male,37,1,0.0,2,0,1,180551.76,0,0,0.09622000125800856
15621116,648,Germany,Male,33,5,138664.24,1,1,0,29076.27,0,0,0.5428230352130112
15633064,438,France,Female,36,4,0.0,2,1,0,64420.5,0,0,0.15562041108452979
15628008,781,Spain,Female,29,6,98759.89,1,0,0,112202.64,0,0,0.3319925818462939
15732020,610,Germany,Male,57,6,106938.11,2,0,1,186612.47,0,0,0.5566850788166265
15578375,628,France,Male,39,6,0.0,2,0,0,134441.6,0,0,0.0989348183294077
15734948,601,Spain,Male,24,7,0.0,2,0,0,144660.42,0,0,0.0830619400115179
15596984,629,France,Female,31,6,0.0,1,1,1,16447.6,1,0,0.3074223163066674
15725221,738,Germany,Male,62,10,83008.31,1,1,1,42766.03,0,0,0.4985746816297317
15617603,850,Germany,Male,30,5,123210.56,2,1,1,102180.27,0,0,0.2033559820703976
15607537,587,Germany,Male,46,9,107850.82,1,1,0,139431.0,1,1,0.8891426149774384
15793803,574,France,Male,34,1,112572.39,1,0,0,165626.6,0,0,0.24990060513677423
15742820,535,France,Female,45,2,0.0,2,0,1,170621.55,0,0,0.36061595086752135
15592451,565,France,Male,32,9,0.0,2,1,0,5388.3,0,0,0.07252513575548254
15696989,469,Germany,Female,52,8,139493.25,3,0,0,150093.32,1,1,0.954099567654581
15746564,566,France,Male,42,3,108010.78,1,1,1,157486.1,0,0,0.4134700713387475
15800845,732,Spain,Female,33,8,111379.55,1,1,1,45098.62,0,0,0.2263640775379051
15626012,459,France,Male,26,4,149879.66,1,0,0,50016.17,0,0,0.28967570646936475
15750658,798,France,Male,37,8,0.0,3,0,0,110783.28,0,0,0.48069002970150976
15720559,487,Germany,Female,61,5,110368.03,1,0,0,11384.45,1,1,0.9069961790083403
15618182,678,France,Female,38,2,0.0,2,0,0,115068.99,0,0,0.18898870751517102
15624471,850,France,Male,37,6,0.0,2,1,0,109291.22,0,0,0.10561861751186569
15802351,755,Germany,Female,33,6,90560.3,2,1,1,42607.69,0,0,0.1781411569414495
15762937,743,Germany,Female,32,6,140348.56,2,1,1,163254.39,0,0,0.2602732270247243
15736327,567,Germany,Female,46,1,68238.51,2,1,1,109572.58,0,0,0.4768607746452148
15798666,814,France,Female,36,6,0.0,2,1,1,98657.01,0,0,0.10973813835664716
15734610,543,France,Male,42,4,89838.71,3,1,0,85983.54,1,1,0.7804628683612013
15702669,663,Germany,Male,44,2,117028.6,2,0,1,144680.18,0,0,0.5688202496322963
15642391,621,Germany,Male,51,4,109978.83,1,0,0,177740.58,1,1,0.9202793583283014
15693233,666,Germany,Male,38,6,99812.88,2,1,1,158357.97,0,0,0.24739113123828027
15652981,600,Germany,Male,30,2,119755.0,1,1,1,21852.91,0,0,0.36216921093964416
15807245,699,Germany,Female,41,1,200117.76,2,1,0,94142.35,0,0,0.28597478857765624
15757895,569,Germany,Male,30,6,106629.49,1,0,1,44114.88,0,0,0.3763743898572012
15768120,702,Germany,Male,36,9,90560.48,2,1,0,174268.87,0,0,0.26850117764384385
15599124,832,France,Female,29,5,0.0,2,1,0,178779.52,0,0,0.12157182712588402
15646372,616,France,Female,66,1,135842.41,1,1,0,183840.51,1,1,0.787889492361964
15787151,638,France,Female,34,7,0.0,2,1,1,198969.78,0,0,0.11517632212377739
15688395,582,France,Male,29,4,0.0,2,0,0,156153.27,0,0,0.07397419122634286
15611644,627,France,Male,73,0,146329.73,1,0,1,43615.67,0,0,0.25407315339545566
15692317,722,France,Male,30,5,0.0,2,1,0,166376.54,0,0,0.08754665263569734
15723717,483,Germany,Male,41,1,118334.44,1,0,0,163147.99,1,1,0.72956954567688
15700325,644,France,Female,24,8,92760.55,1,1,0,35896.75,0,0,0.3176021336112467
15769412,684,Spain,Male,39,4,207034.96,2,0,0,157694.76,1,0,0.3364985364682107
15589969,850,France,Male,34,6,0.0,1,0,1,52796.31,0,0,0.287085492294853
15710257,625,France,Female,39,3,130786.92,1,0,1,121316.07,0,0,0.3440873585647082
15623695,814,France,Female,31,4,0.0,2,1,1,142029.17,0,0,0.09896518653860072
15671148,490,Germany,Male,33,5,96341.0,2,0,0,108313.34,0,0,0.20787831878493063
15649858,469,Spain,Male,37,9,96776.49,1,1,1,119890.86,0,0,0.21581078316472652
15660385,592,France,Male,39,7,0.0,2,1,0,83084.33,0,0,0.10832593636162721
15622494,718,France,Male,27,2,0.0,2,0,0,26229.24,0,0,0.07913953300082623
15599792,545,France,Female,26,1,0.0,2,1,1,199638.56,0,0,0.10159754201037043
15734578,726,France,Female,53,1,113537.73,1,0,1,28367.21,0,1,0.6195244894218098
15698522,660,Germany,Male,39,9,134599.33,2,1,0,183095.87,0,0,0.38177065217654843
15807003,762,France,Male,32,10,191775.65,1,1,0,179657.83,0,0,0.367172775655318
15767864,628,France,Male,33,6,0.0,2,0,0,184230.23,0,0,0.10088410969103634
15754605,563,France,Female,39,5,0.0,2,1,1,17603.81,0,0,0.1835955122609029
15672826,666,France,Female,32,10,112536.57,2,1,1,34350.54,0,0,0.1966583818617399
15734161,636,France,Male,43,6,0.0,2,1,0,43128.95,0,0,0.23345099654056867
15602010,850,Germany,Female,45,5,103909.86,1,1,0,60083.11,1,1,0.7985428231385922
15610147,632,France,Male,60,2,0.0,2,0,1,2085.32,0,0,0.274462687359053
15651958,756,France,Male,27,8,0.0,2,1,1,157932.75,0,0,0.05910926566043464
15605916,659,France,Female,50,3,0.0,1,1,0,183399.12,1,1,0.8706286976867429
15811927,733,France,Female,38,3,157658.36,1,0,0,19658.43,0,0,0.41293322073036576
15733032,651,Spain,Male,47,2,0.0,2,1,1,119808.64,0,0,0.2363834951688468
15650098,630,France,Female,40,7,0.0,2,1,1,34453.17,0,0,0.22163836808841875
15762543,711,France,Female,32,1,0.0,2,1,0,126188.42,0,0,0.14237072266457226
15679284,593,Spain,Female,45,6,79259.75,1,1,0,55347.28,0,1,0.761553757529171
15795936,560,France,Male,50,3,0.0,2,1,0,84531.79,0,0,0.4262825776541795
15724623,704,Germany,Female,24,7,113034.22,1,1,0,162503.48,1,0,0.5418919013122072
15759387,598,Germany,Male,38,1,101487.18,1,1,1,75959.1,1,0,0.5077330157136336
15583736,829,Germany,Male,36,4,81795.74,2,1,0,90106.94,0,0,0.19752155900992333
15789548,592,France,Female,37,7,0.0,2,1,1,126726.33,0,0,0.130346748459085
15696141,516,Spain,Female,31,7,0.0,1,1,0,47018.75,0,0,0.46467311786417204
15776454,603,France,Female,48,5,0.0,1,1,0,100478.6,1,1,0.8465111089859794
15577107,657,Spain,Female,22,6,0.0,3,0,1,168412.07,1,0,0.5506309355299682
15622033,847,Germany,Female,41,3,101543.51,4,1,0,16025.17,1,1,0.7159725731417517
15743570,481,France,Female,34,5,0.0,2,1,1,125253.46,0,0,0.09908832799274395
15713378,711,France,Male,38,10,0.0,2,0,0,53311.78,0,0,0.11289139248029884
15692583,678,France,Female,32,5,0.0,2,1,0,90284.47,0,0,0.13779423811305558
15705403,617,Spain,Female,46,3,106521.49,1,0,1,86587.37,0,0,0.5645264944502669
15703399,756,France,Female,26,5,101641.14,2,0,1,154460.68,0,0,0.18191888912482643
15786539,808,France,Male,32,1,0.0,2,1,1,46200.71,0,0,0.06347184397250452
15610042,574,France,Male,33,8,100267.03,1,1,0,103006.27,0,0,0.27614624599355553
15596303,688,France,Female,39,0,0.0,2,1,0,53222.15,1,0,0.2060664180396601
15742116,671,Germany,Female,48,9,116711.06,2,0,0,76373.38,0,1,0.7583286985368504
15759805,582,France,Female,32,4,0.0,2,1,0,59668.81,0,0,0.12426504318567622
15572547,670,France,Female,45,9,104930.38,1,1,0,155921.81,1,1,0.7724963007860108
15599272,795,France,Female,36,1,151844.64,1,1,1,135388.89,0,0,0.2366817354886818
15775880,554,France,Female,30,9,0.0,2,1,1,40320.3,0,0,0.09924768042752201
15698184,484,France,Female,50,2,90408.16,2,0,0,48170.57,0,1,0.6737060559945651
15740442,603,France,Male,51,8,186825.57,1,1,0,93739.71,1,1,0.8181229256343453
15723028,778,France,Male,33,1,0.0,2,1,0,85439.73,0,0,0.07577159330537883
15680278,661,Spain,Female,42,9,75361.44,1,1,0,27608.12,1,1,0.6602880882845886
15586243,667,France,Male,44,8,122277.87,1,1,1,91810.71,0,0,0.4461470965920882
15755648,675,France,Female,21,8,98373.26,1,1,0,18203.0,0,0,0.3160088293180688
15591344,715,Spain,Male,42,6,0.0,2,1,1,128745.69,0,0,0.1437193444310363
15600357,495,France,Female,40,1,140197.71,2,1,0,150720.39,0,0,0.40529074025541006
15678910,680,France,Female,30,8,141441.75,1,1,1,16278.97,0,0,0.23638268568143142
15711299,711,Germany,Female,52,8,145262.54,1,0,1,131473.31,0,1,0.8000100985421414
15675431,563,France,Female,34,6,0.0,2,0,0,36536.93,0,0,0.1250101001415244
15576216,655,Germany,Female,37,4,108862.76,1,1,0,79555.08,1,1,0.6479873834920699
15755196,834,France,Female,49,2,131394.56,1,0,0,194365.76,1,1,0.7007584719879695
15789815,503,France,Female,28,5,0.0,2,1,0,125918.17,0,0,0.12519673438182788
15593683,668,Spain,Female,30,8,0.0,2,1,0,138465.7,0,0,0.12666781384487996
15806808,834,Germany,Female,57,8,112281.6,3,1,0,140225.14,1,1,0.8975505955706298
15640377,526,France,Female,36,0,0.0,2,1,0,97767.63,0,0,0.1720493463042764
15670343,576,Spain,Male,19,6,0.0,2,0,0,72306.07,0,0,0.07506202952186815
15738448,480,Germany,Female,25,3,174330.35,2,0,0,181647.13,0,0,0.24438086763423328
15571121,670,France,Female,50,8,138340.06,1,0,1,3159.15,0,0,0.5652401183145884
15756425,660,France,Male,30,7,146301.31,1,0,0,96847.91,0,0,0.2871076794287416
15733361,651,Germany,Female,45,6,86714.06,1,1,0,85869.89,1,1,0.771549308450564
15748597,844,Spain,Male,56,5,99529.7,1,0,1,157230.06,1,0,0.4573349878198733
15574305,680,France,Male,36,3,116275.12,1,1,1,63795.8,0,0,0.2106696195558626
15804131,850,Spain,Female,53,7,65407.16,2,0,0,182633.63,1,1,0.6869198624476774
15595153,644,Germany,Female,44,8,106022.73,2,0,0,148727.42,0,1,0.6761911926393148
15582492,535,France,Female,29,2,112367.34,1,1,0,185630.76,0,0,0.33764046500122247
15740878,655,Spain,Female,29,9,0.0,2,0,1,85736.26,0,0,0.11541936996804511
15617705,609,France,Female,39,8,141675.23,1,0,1,175664.25,0,0,0.41179726180523557
15756848,633,Spain,Male,42,10,0.0,1,0,1,79408.17,0,0,0.38318437818842077
15748499,550,Germany,Male,33,4,118400.91,1,0,1,13999.64,1,0,0.41984964084492477
15699492,665,Germany,Female,27,2,147435.96,1,0,0,187508.06,0,0,0.48034896346318845
15578435,640,France,Male,40,8,110340.68,1,1,1,157886.6,0,0,0.3183095954009793
15712536,625,France,Female,36,3,0.0,2,1,0,41295.1,1,0,0.16550962511729872
15711062,633,Germany,Male,40,5,86172.81,2,1,1,117279.49,0,0,0.26345429348300414
15787459,745,Spain,Male,40,3,88466.82,1,0,0,116331.42,0,0,0.4605063199112328
15611287,777,France,Female,30,4,0.0,2,0,1,115611.97,0,0,0.09998238600445503
15809901,755,France,Male,36,8,0.0,2,1,0,176809.87,0,0,0.10496747596735256
15677217,705,France,Male,30,1,0.0,1,1,1,181300.32,0,0,0.2790440617014104
15608387,786,France,Female,29,4,0.0,2,1,0,103372.79,0,0,0.12365757433334895
15651581,758,Germany,Male,68,6,112595.85,1,1,0,35865.44,1,1,0.779811331205508
15696506,604,Spain,Male,27,9,101352.78,1,0,0,30252.3,0,0,0.27935557125475596
15609458,797,France,Male,30,10,69413.44,1,1,1,74637.57,0,0,0.18898211168168794
15639049,489,France,Female,31,7,139395.08,1,0,1,6120.84,0,0,0.23138370161274033
15640266,621,Spain,Male,41,5,104631.67,1,1,1,95551.22,0,0,0.3014648925709319
15760641,608,Germany,Male,26,1,106648.98,1,0,1,7063.6,0,0,0.31311883951321823
15575399,480,France,Female,42,1,152160.21,2,1,0,101778.9,0,0,0.4797567409257714
15581871,504,Germany,Male,42,7,131287.36,2,1,1,149697.78,0,0,0.3507704757285171
15790204,663,Spain,Female,22,9,0.0,1,1,0,29135.89,1,0,0.3855655883347412
15771856,632,Spain,Female,32,1,0.0,2,1,0,19525.65,0,0,0.14335749665219716
15761763,845,France,Male,33,8,164385.53,1,1,0,150664.97,0,0,0.29680141642765784
15698031,587,Germany,Female,39,6,101851.8,2,1,0,7103.71,0,0,0.4209018081972426
15789611,568,Germany,Male,46,8,150836.92,1,0,0,64516.8,1,1,0.8425482865685902
15770711,766,Germany,Female,28,4,90696.78,1,0,1,21597.2,0,0,0.313637996638598
15791191,633,France,Male,59,2,103996.74,1,1,1,103159.11,0,0,0.5102544211826219
15615931,746,France,Female,37,4,0.0,2,0,1,171039.56,0,0,0.15123051311048774
15738627,768,France,Male,25,6,0.0,2,1,1,21215.67,0,0,0.06446268970362191
15571476,635,Spain,Male,38,0,103257.14,1,0,0,158344.63,0,0,0.32353433856854585
15575486,529,France,Female,27,1,0.0,2,1,1,37769.98,0,0,0.10525647249361392
15695168,625,France,Male,39,2,0.0,2,1,0,100403.05,0,0,0.10068246125022794
15735221,697,France,Female,42,10,0.0,2,1,0,61312.15,0,0,0.3390370078393615
15664734,673,Germany,Female,25,3,108244.82,2,1,1,103573.96,0,0,0.2298850221670825
15700511,708,Germany,Male,42,9,176702.36,2,1,1,104804.74,0,0,0.20765748952194404
15617252,697,France,Female,33,1,87347.7,1,1,0,172524.51,0,0,0.35074673779493115
15703292,573,France,Male,26,8,86270.93,2,1,1,90177.3,0,0,0.12569639685551448
15761132,682,Spain,Male,46,7,128029.72,1,1,1,62615.35,0,0,0.4318425526623811
15764170,647,Germany,Male,44,4,93960.35,1,1,0,36579.53,1,1,0.8194914556867091
15770255,797,Germany,Female,33,10,83555.58,1,0,0,69767.14,0,0,0.462941922248772
15576706,651,Germany,Male,37,9,114453.58,1,0,1,175820.91,0,0,0.5528488966683974
15718765,501,Spain,Male,43,6,104533.24,1,0,0,81123.59,1,0,0.5973980356393903
15631848,727,France,Female,26,9,121508.28,1,1,1,146785.44,0,0,0.27099267421243634
15624820,683,Spain,Male,56,7,50911.21,3,0,0,97629.31,1,1,0.8869675697843519
15802009,770,France,Female,33,6,0.0,2,1,1,126131.9,0,0,0.09626952431374644
15714567,568,Spain,Female,26,6,0.0,2,0,0,166495.2,0,0,0.11911039618697183
15713347,577,Spain,Male,48,6,179852.26,1,1,0,193580.32,0,1,0.663181898651602
15568904,608,Germany,Male,34,3,106288.54,1,1,1,36639.25,0,0,0.41396411286681967
15681509,679,Spain,Female,28,9,0.0,2,0,1,61761.77,0,0,0.1212600092940629
15777923,544,France,Female,45,6,0.0,2,0,1,151401.33,0,0,0.34592539707920805
15759290,620,Spain,Male,29,9,0.0,2,1,0,13133.88,0,0,0.07759023693713252
15807993,588,Germany,Female,30,0,110148.49,1,1,0,5790.9,1,0,0.5917389730485919
15568032,757,Germany,Male,31,1,127320.36,3,1,0,163170.32,0,1,0.6906412081836666
15789095,775,Spain,Male,30,4,0.0,2,0,1,57461.13,0,0,0.05896624739780546
15590177,718,France,Female,44,1,133866.22,1,0,1,139049.24,0,0,0.5395876686148471
15782591,690,France,Male,35,6,112689.95,1,1,0,176962.31,0,0,0.31647669813331264
15696539,613,France,Female,21,7,105627.95,1,1,1,36560.51,0,0,0.22091254625295761
15661903,699,France,Female,43,3,80764.03,1,1,0,199378.58,1,0,0.5902501216409872
15645511,727,Spain,Male,43,2,97403.18,1,1,1,107415.02,1,0,0.4461860444848041
15590320,850,France,Male,66,4,0.0,2,0,1,64350.8,0,0,0.09748347425241823
15775116,581,France,Male,31,3,0.0,2,0,0,89040.61,0,0,0.07774096295443039
15716728,513,Spain,Female,42,10,0.0,2,0,1,73151.25,0,0,0.25437422013367916
15570931,620,France,Male,61,5,0.0,1,0,0,31641.52,1,1,0.8710381235456333
15784099,726,France,Female,38,5,126875.62,1,1,0,128052.29,0,0,0.4347786895182366
15716276,709,France,Female,34,2,111669.68,1,1,0,57029.66,0,0,0.3568374426957564
15757931,804,France,Male,24,3,0.0,2,1,0,173195.33,0,0,0.0860197175720561
15786078,850,France,Female,28,9,0.0,2,1,0,185821.41,0,0,0.12566969073862988
15613102,670,France,Female,31,2,57530.06,1,1,1,181893.31,1,0,0.3292455306580618
15711352,841,France,Female,31,3,162701.65,2,1,1,126794.56,0,0,0.1827403221166545
15771383,628,Germany,Female,45,6,53667.44,1,1,0,115022.94,0,1,0.6598944197604871
15801218,675,France,Male,49,8,135133.39,1,0,1,179521.24,1,0,0.4991430680253021
15730673,567,Germany,Male,40,7,122265.24,1,1,0,138552.74,0,1,0.7121429731667481
15626795,672,France,Female,40,3,0.0,1,1,0,113171.61,1,1,0.6193977918040687
15705765,581,Spain,Female,46,1,0.0,2,1,0,104272.04,0,0,0.41621057790898414
15654067,584,Spain,Female,29,4,0.0,2,1,0,88866.92,0,0,0.11868316452587743
15644212,644,Spain,Male,28,0,0.0,2,1,0,119419.37,0,0,0.08880434261320003
15734311,661,France,Female,27,3,0.0,2,1,1,76889.79,0,0,0.1144265847606081
15637644,667,France,Female,24,4,0.0,2,0,1,34335.55,0,0,0.11539280612581099
15751336,630,Spain,Male,30,3,0.0,2,0,1,10486.69,0,0,0.07824084577241214
15691808,656,France,Male,43,7,134919.85,1,1,0,194691.95,0,1,0.6321610140201882
15626474,686,France,Female,31,1,0.0,2,1,0,4802.25,0,0,0.15067677388502404
15602811,730,Germany,Male,38,0,38848.19,2,0,0,94003.11,0,0,0.23171843630405078
15625944,664,France,Male,58,5,98668.18,1,1,1,60887.58,0,0,0.45963348669303167
15566211,616,Germany,Female,41,1,103560.57,1,1,0,236.45,1,1,0.6734231430802754
15606076,718,Germany,Male,63,7,123204.88,1,1,1,100538.8,0,1,0.7548509508221415
15614215,717,France,Male,53,6,0.0,2,0,1,97614.87,0,0,0.23719247527022172
15713479,656,France,Male,35,6,0.0,2,1,0,1485.27,0,0,0.10226523579202057
15796480,687,France,Female,31,2,0.0,2,0,1,145411.39,0,0,0.14316278856150838
15704987,649,France,Female,52,8,49113.75,1,1,0,41858.43,0,1,0.870511187834922
15749328,697,France,Female,45,1,0.0,2,1,0,46807.62,1,0,0.37348855342510356
15808621,659,Germany,Male,36,2,76190.48,2,1,1,149066.14,0,0,0.13531950866149858
15601627,587,France,Male,33,8,148163.57,1,0,0,122925.4,0,0,0.26990065902596433
15665177,613,France,Male,44,3,0.0,2,0,1,136491.72,0,0,0.23715575618756105
15747960,733,France,Male,33,3,0.0,1,1,1,7666.73,0,0,0.260850490034541
15806546,517,Spain,Male,46,4,0.0,1,1,0,22372.78,0,1,0.7489097459603287
15589715,584,France,Female,66,5,0.0,1,1,0,49553.38,1,1,0.8496421013983754
15800049,728,Spain,Female,43,5,0.0,1,1,1,120088.17,0,0,0.524320403834523
15601030,777,Germany,Female,34,5,96693.66,1,1,1,172618.52,0,0,0.45817790662775676
15702462,619,Spain,Female,44,6,52831.13,1,1,1,112649.22,1,0,0.5644000714154351
15572374,733,Spain,Male,36,1,0.0,2,0,1,108377.82,0,0,0.07646158880578774
15766734,430,France,Male,31,5,0.0,1,1,0,95655.16,0,0,0.4049104285392219
15772329,580,Germany,Male,45,8,103741.14,1,1,0,47428.73,1,1,0.8856842318620616
15692819,665,Germany,Male,32,1,132178.67,1,0,0,11865.76,0,0,0.49130248179760294
15580249,502,France,Male,45,0,0.0,1,0,0,84663.21,0,1,0.688574872357918
15798885,585,France,Male,56,4,138227.19,2,1,1,55287.84,0,0,0.45158371829909505
15673223,626,France,Male,44,10,0.0,2,0,0,164287.86,0,0,0.27064273178118514
15770995,753,Germany,Female,47,1,131160.85,1,1,0,197444.69,0,1,0.7866834275930303
15720071,535,France,Female,49,3,0.0,1,0,0,61820.41,1,1,0.867473455903498
15781589,751,Spain,Male,52,8,0.0,2,0,1,179291.85,0,0,0.24634995029478074
15808182,478,Spain,Female,36,3,92363.3,2,1,0,44912.7,0,0,0.30936765248769255
15743007,643,France,Female,45,4,45144.43,1,1,0,60917.24,1,1,0.8000069132801633
15615797,743,Germany,Male,59,5,108585.35,1,1,1,192127.22,1,1,0.7482239815434443
15661249,699,France,Male,53,4,0.0,2,0,1,111307.98,0,0,0.28186597172319716
15809847,668,France,Male,46,0,0.0,2,0,0,29388.02,0,0,0.2630832530070823
15606436,500,Spain,Male,38,7,0.0,2,0,0,192013.23,0,0,0.10823412129032814
15699325,555,Germany,Female,62,10,114822.64,1,0,1,8444.5,0,1,0.7950079860619056
15761018,581,Germany,Male,50,2,143829.2,2,1,0,181224.24,1,1,0.7022499763431638
15567335,559,France,Female,42,7,0.0,2,1,1,190040.29,0,0,0.2579169671347774
15711251,514,France,Male,45,1,178827.79,1,1,0,60375.18,0,1,0.7504886351223682
15801863,521,France,Female,32,2,136555.01,2,1,1,129353.21,0,0,0.18826881799615536
15672912,737,Spain,Female,39,7,130051.66,2,0,0,55356.39,1,0,0.2940376438473977
15707505,699,Spain,Male,31,8,125927.51,2,1,0,147661.47,0,0,0.1810740346779642
15778915,737,France,Female,32,7,128551.36,2,0,1,189402.71,0,0,0.20576889587509206
15723064,603,Spain,Male,24,1,165149.13,2,1,0,21858.28,0,0,0.2601115653455101
15594864,752,Germany,Male,30,4,81523.38,1,1,1,36885.85,0,0,0.17866721030213614
15679991,524,France,Female,28,7,0.0,2,0,1,147100.72,0,0,0.10963881695689878
15799128,608,Spain,Female,38,9,102406.76,1,0,1,57600.66,0,0,0.3069449359123227
15685300,603,France,Male,35,6,128993.76,2,1,0,130483.56,0,0,0.20450179510531152
15813850,720,France,Male,52,7,0.0,1,1,1,14781.12,0,0,0.5754970280108602
15778049,633,Germany,Male,29,6,117412.35,1,0,0,30338.94,0,0,0.5374510138750049
15811594,660,Spain,Female,28,3,128929.88,1,1,1,198069.71,0,0,0.3041713704522949
15593496,526,Spain,Female,36,5,91132.18,1,0,0,58111.71,0,0,0.4036131299414174
15637829,691,France,Female,34,7,0.0,2,0,1,161559.12,0,0,0.11733960300938483
15805260,705,Germany,Female,56,2,143249.67,1,1,0,88428.41,1,1,0.9237457506056682
15566380,586,Spain,Female,33,10,66948.67,2,1,1,140759.03,0,0,0.1788544752276867
15738148,465,France,Female,51,8,122522.32,1,0,0,181297.65,1,1,0.795212233825722
15638269,597,France,Male,67,2,0.0,2,0,1,108645.85,0,0,0.1472108356942907
15580956,683,Germany,Female,43,4,115888.04,1,1,1,117349.19,1,1,0.7537861729773013
15567991,794,Spain,Male,31,0,144880.34,2,0,1,175643.44,0,0,0.14111926656629054
15594340,569,France,Male,41,4,120243.49,1,1,0,163150.03,1,0,0.48650505932411164
15805151,565,Germany,Male,31,2,89558.39,2,1,1,4441.54,0,0,0.13120739030376904
15684103,674,France,Female,26,10,0.0,2,1,1,138423.1,0,0,0.15225135879560106
15653521,850,Germany,Female,40,7,104449.8,1,1,1,747.88,0,0,0.5470935661100593
15599433,660,Germany,Male,35,8,58641.43,1,0,1,198674.08,0,0,0.3297098459467885
15628886,677,Spain,Male,56,5,123959.97,1,1,1,60590.72,1,0,0.4639533565946934
15806447,690,Germany,Male,32,0,106683.52,2,1,1,137916.49,0,0,0.1809708908872658
15609987,755,France,Male,42,2,119919.12,1,1,0,156868.21,0,0,0.5698467106631074
15664214,670,France,Male,33,2,141204.65,2,1,0,76257.46,0,0,0.18782210507643593
15592229,713,France,Female,52,0,185891.54,1,1,1,46369.57,1,1,0.6040658724255945
15622182,628,Germany,Female,28,3,153538.13,2,1,0,110776.01,0,0,0.22312333745491755
15703793,738,Germany,Male,58,2,133745.44,4,1,0,28373.86,1,1,0.9405833612024602
15769246,813,Germany,Male,59,2,135078.41,1,1,0,187636.06,1,1,0.9077153725639228
15724876,560,France,Female,38,5,83714.41,1,1,1,33245.97,0,0,0.29329328905112484
15574206,718,France,Female,37,7,0.0,2,1,1,55100.09,0,0,0.1587383982366574
15759244,687,Germany,Male,44,8,95368.14,2,1,1,1787.85,0,0,0.4877892649166196
15569249,576,France,Female,55,6,44582.07,3,0,1,67539.85,1,1,0.8380281190129234
15638149,528,France,Male,37,6,103772.45,1,1,0,197111.99,0,0,0.32273941249064336
15591724,560,France,Female,44,5,143244.97,1,1,0,98661.27,0,1,0.7255947030092997
15762110,628,France,Male,37,0,0.0,2,1,1,171707.93,0,0,0.11400544845720734
15707114,831,France,Male,30,2,0.0,2,0,1,3430.38,0,0,0.06015986525104393
15689322,641,Spain,Male,31,3,153316.14,1,1,0,59927.99,0,0,0.34615678042605275
15632816,521,Germany,Female,49,2,127948.57,1,1,1,182765.14,0,1,0.8027973590704459
15714080,566,Germany,Female,40,2,97001.36,2,1,0,154486.01,0,0,0.4280184380470518
15646161,673,Spain,Female,37,8,0.0,2,1,1,183318.79,0,0,0.13119468704967488
15649423,580,France,Female,35,8,0.0,2,0,1,10357.03,0,0,0.15406671594067572
15580805,655,France,Male,27,10,0.0,2,1,0,51620.94,0,0,0.0763683691329959
15628170,565,Germany,Female,32,9,68067.24,1,1,0,143287.58,0,0,0.3722953062474549
15600700,523,Germany,Male,63,6,116227.27,1,1,1,119404.63,0,1,0.7435016650237491
15609176,688,France,Female,32,5,0.0,2,0,1,177607.77,0,0,0.13246276902167323
15772009,664,France,Female,41,5,0.0,1,1,1,152054.33,0,0,0.5109141787182039
15684995,690,Spain,Male,49,8,116622.73,1,0,1,51011.29,0,0,0.45768515146969335
15730448,538,Germany,Male,25,5,62482.95,1,1,1,102758.43,0,0,0.16312265237416995
15815070,566,Germany,Female,44,5,141428.99,2,0,0,68408.74,0,1,0.6432874487464819
15651713,684,France,Male,45,6,148071.39,1,1,0,183575.01,0,1,0.6972060196661932
15692207,609,France,Female,53,6,0.0,2,1,1,124218.27,0,0,0.327248302228964
15723488,668,Germany,Male,47,7,106854.21,1,0,1,157959.02,1,1,0.7672538128416714
15611800,624,France,Female,62,7,125163.62,2,1,1,151411.5,0,0,0.48325012973910053
15757607,623,France,Male,45,0,0.0,1,1,0,196533.72,1,1,0.7006998861866633
15609299,595,France,Male,29,6,150685.79,1,1,0,87771.06,0,0,0.30811442367732816
15636767,665,Spain,Female,32,10,0.0,1,1,1,22487.45,0,0,0.3313741766110965
15720676,700,France,Female,37,7,0.0,2,1,0,17040.82,0,0,0.16388006490522578
15672432,594,France,Female,53,4,0.0,1,1,0,5408.74,1,1,0.8370190594345419
15662908,795,Germany,Male,38,7,125903.22,2,1,1,127068.92,0,0,0.2613858327676354
15694209,484,France,Female,32,3,0.0,2,1,1,139390.99,0,0,0.11395310862020809
15584091,742,Germany,Female,36,2,129748.54,2,0,0,47271.61,1,0,0.30311206714936767
15699523,499,Germany,Female,55,4,126817.65,2,1,0,123269.71,0,1,0.8260273117295612
15609510,669,France,Male,45,7,149364.58,1,0,1,173454.07,0,0,0.48906542204747244
15793425,560,Spain,Female,33,9,0.0,1,0,1,183358.21,0,0,0.36759314300035956
15598884,650,Spain,Female,23,5,0.0,1,1,1,180622.43,0,0,0.33163449975544596
15594556,619,Spain,Male,52,8,0.0,2,1,1,123242.11,0,0,0.2740448987291375
15640268,652,Spain,Male,71,4,0.0,1,1,1,120107.1,0,0,0.33073336196300845
15668472,705,Spain,Female,24,5,177799.83,2,0,0,79886.06,0,0,0.3418933626493579
15658169,778,Spain,Female,47,6,127299.34,2,1,0,124694.99,0,1,0.6387464940590529
15790379,629,Germany,Male,28,8,108601.0,1,1,1,119647.7,0,0,0.37866736349591146
15738166,596,France,Female,39,10,86546.29,1,0,1,131768.98,0,0,0.3913068737540326
15661330,754,France,Male,37,6,0.0,1,1,1,116141.72,0,0,0.2893054690847142
15709412,776,Spain,Male,30,6,0.0,2,0,1,63908.86,0,0,0.059200228889837135
15629551,615,Germany,Female,44,9,126104.98,2,0,1,110718.02,0,0,0.5784889562624069
15602812,684,Germany,Female,44,2,133776.86,2,0,1,49865.04,0,0,0.5631413161864836
15724336,513,Germany,Female,49,5,171601.27,1,1,0,126223.84,0,1,0.7140023614530618
15742442,705,Spain,Female,46,5,89364.91,1,0,1,139162.15,0,0,0.5848639100803698
15742009,489,Spain,Male,58,4,0.0,2,1,1,191419.32,0,0,0.340338145808489
15572051,721,France,Male,40,3,0.0,1,1,1,144874.67,0,0,0.37862248297614065
15591509,690,France,Male,36,7,101583.11,2,1,0,123775.15,0,0,0.21172012938006737
15572956,683,France,Male,36,5,115350.63,1,1,1,122305.91,0,0,0.20300586052788053
15707132,465,France,Male,33,5,0.0,2,0,1,78698.09,0,0,0.07558039545229409
15621457,850,France,Male,27,6,96654.72,2,0,0,152740.16,0,0,0.16705918191089114
15577423,627,Germany,Female,39,5,124586.93,1,1,0,93132.61,1,1,0.6869381985670111
15659105,669,France,Female,47,9,61196.54,1,1,0,58170.24,0,1,0.8112682773338671
15615670,762,France,Male,36,5,119547.46,1,1,1,42693.65,0,0,0.1992062478096123
15573798,448,France,Female,36,6,83947.12,2,1,0,81999.53,0,0,0.28282022419821545
15624186,813,Germany,Female,25,5,123616.43,1,0,1,132959.33,0,0,0.4762822429423301
15569590,601,Germany,Male,42,1,98495.72,1,1,0,40014.76,1,1,0.6762102585162343
15649430,723,France,Male,28,4,0.0,2,1,1,123885.88,0,0,0.06547917722789609
15655229,850,Germany,Female,35,7,114285.2,1,0,1,129660.59,0,0,0.5229377386765928
15565714,601,France,Male,47,1,64430.06,2,0,1,96517.97,0,0,0.43411741206696447
15766787,707,France,Female,35,9,0.0,2,1,1,70403.65,0,0,0.12493323958576331
15700424,461,France,Female,35,5,0.0,1,1,1,54209.02,0,0,0.32889608396481756
15795079,596,Spain,Male,67,6,0.0,2,1,1,138350.74,0,0,0.1406246212711367
15606855,730,Spain,Male,26,6,0.0,2,1,1,185808.7,0,0,0.05457474880565189
15767598,540,Spain,Male,28,8,0.0,2,0,0,197588.32,0,0,0.10365690708414838
15759298,631,Spain,Male,27,10,134169.62,1,1,1,176730.02,0,0,0.21260769806307964
15687491,817,Germany,Male,45,9,101207.75,1,0,0,88211.12,1,1,0.8125729608825902
15801351,583,France,Male,40,3,0.0,2,1,0,47728.0,0,0,0.12556819284104717
15566467,683,Germany,Female,32,0,138171.1,2,1,1,188203.58,0,0,0.2041372508547914
15640667,662,France,Female,41,4,0.0,2,1,0,126551.48,0,0,0.24749650463046333
15766064,559,France,Male,33,9,111060.05,2,1,0,110371.84,0,0,0.18679364852910166
15599301,538,Germany,Female,28,6,164365.44,1,0,1,5698.97,0,0,0.3447231938418405
15779059,670,France,Female,38,4,119624.54,2,1,1,110472.12,0,0,0.23209988169814932
15616530,638,France,Male,36,6,188455.19,1,0,0,47031.4,1,0,0.4102123905421234
15610781,702,France,Female,29,10,88378.6,1,1,0,88550.28,0,0,0.3569881386880034
15622750,742,Germany,Female,21,1,114292.48,1,1,0,31520.4,0,0,0.5856081713808192
15594898,731,France,Male,43,2,0.0,1,1,1,170034.95,1,0,0.5025660361531038
15679307,559,France,Female,43,1,0.0,1,0,1,86634.3,0,1,0.64310166614513
15569438,607,Germany,Male,36,10,106702.94,2,0,0,198313.69,0,0,0.2722734195806921
15589017,547,Germany,Male,55,4,111362.76,3,1,0,16922.28,1,1,0.8858216208638209
15734626,652,Spain,Female,36,1,0.0,2,1,1,19302.78,0,0,0.20241504070063926
15753213,604,France,Female,34,7,0.0,2,1,0,193021.49,0,0,0.15069594273300044
15573851,735,France,Female,38,1,0.0,3,0,0,92220.12,1,0,0.5826165030523752
15749019,545,Germany,Male,45,6,93796.42,2,1,1,162321.26,0,0,0.5254258171814442
15664227,506,Germany,Male,28,8,53053.76,1,0,1,24577.34,0,0,0.2010288587209366
15709523,525,Germany,Female,30,0,157989.21,2,1,1,100687.67,0,0,0.14939646092139167
15621546,620,France,Female,33,9,127638.35,1,1,1,192717.57,0,0,0.3095003599449458
15734987,658,France,Female,43,7,140260.36,2,1,0,2748.72,0,0,0.4649263960083895
15653222,526,Germany,Female,32,6,131938.92,2,1,1,1795.93,0,0,0.2330648554667709
15706021,665,France,Female,34,1,96645.54,2,0,0,171413.66,0,0,0.24202255132103356
15782311,529,France,Male,28,9,0.0,2,1,1,52545.24,0,0,0.06800330641113693
15697127,543,France,Female,31,2,147674.26,1,1,1,16658.76,0,0,0.2284727565171159
15630328,635,France,Female,48,8,130796.33,2,1,1,43250.3,0,0,0.5033736500257647
15672357,631,Spain,Male,38,7,0.0,2,1,0,181605.85,0,0,0.10066043647837634
15759872,625,France,Male,22,9,0.0,2,1,0,157072.91,0,0,0.08466420862171466
15634373,764,France,Male,30,5,0.0,2,0,1,105155.66,0,0,0.06525905688868082
15625675,569,France,Male,36,1,67087.69,1,1,0,154775.7,0,0,0.3084807341396293
15742369,667,Spain,Male,31,5,0.0,2,1,1,20346.69,0,0,0.0690760537278317
15583049,643,Germany,Female,34,7,160426.07,1,0,1,188533.11,0,0,0.39361238956876504
15627848,683,France,Male,38,7,109346.13,2,1,0,102665.92,0,0,0.2503801336386615
15615575,722,France,Male,34,8,0.0,2,1,1,133447.49,0,0,0.06426780232683678
15692744,512,France,Male,36,4,152169.12,2,0,0,38629.3,1,0,0.2074762713097653
15596339,422,France,Male,54,3,140014.42,1,0,1,86350.97,0,0,0.5460440935884951
15780654,619,Germany,Female,33,3,100488.92,2,0,1,36446.74,0,0,0.2336961386151698
15698791,679,France,Male,45,3,146758.24,1,1,0,48466.89,0,1,0.7122076121273629
15655590,581,Spain,Male,46,2,79385.21,2,0,0,188492.82,0,0,0.4555686373199625
15669783,586,France,Female,60,3,47020.65,2,0,1,63241.21,1,0,0.3980537952280002
15770091,643,Germany,Male,28,9,160858.13,2,1,0,27149.27,0,0,0.22327628261197913
15679249,351,Germany,Female,57,4,163146.46,1,1,0,169621.69,1,1,0.8492353258106979
15712584,670,France,Female,33,7,0.0,2,1,1,88187.81,0,0,0.1142248996214781
15611318,599,Spain,Male,33,4,51690.89,1,1,0,111622.76,1,0,0.3910525007976274
15640686,700,France,Male,46,5,95872.86,1,1,0,98273.01,1,1,0.7212973210942802
15630466,797,France,Male,45,8,0.0,1,0,0,125110.02,0,1,0.7378349677567916
15809509,699,France,Male,29,3,125689.29,1,1,1,151623.71,0,0,0.1836754728327843
15694829,680,Germany,Male,32,7,175454.0,1,0,1,77349.92,0,0,0.2716959639274822
15672983,678,Spain,Female,27,5,87099.85,2,1,0,149550.95,0,0,0.2639149850715834
15769216,601,France,Female,43,2,0.0,1,1,0,49713.87,1,1,0.7221902818888029
15785488,701,Spain,Female,39,9,0.0,2,1,1,110043.88,0,0,0.1496193443783293
15731330,652,Spain,Female,40,7,100471.34,1,1,1,124550.88,0,0,0.38518073397630126
15709511,622,France,Male,43,8,0.0,2,1,0,100618.17,0,0,0.24765444238149883
15725036,709,France,Male,42,9,118546.71,1,0,1,77142.85,0,0,0.34723485818092187
15728224,710,Germany,Female,41,9,149155.53,2,1,0,42131.26,1,0,0.3353921418215558
15766172,541,France,Male,34,3,128743.55,1,1,0,134851.12,0,0,0.27307321812495333
15700937,767,Spain,Female,24,5,0.0,2,1,1,67445.85,0,0,0.08958565957625161
15647890,691,France,Male,37,9,149405.18,1,1,1,146411.6,0,0,0.19470619996560007
15571284,756,Germany,Male,32,0,109528.16,2,1,1,56176.31,0,0,0.23978497271896515
15768342,718,France,Male,52,8,79475.3,3,1,1,32421.32,1,1,0.7992150339851802
15581229,502,Germany,Female,32,1,173340.83,1,0,1,122763.95,0,0,0.31746548450660894
15713853,732,Germany,Male,42,9,108748.08,2,1,1,65323.11,0,0,0.41403586642687906
15595557,798,France,Male,22,8,0.0,2,1,0,107615.43,0,0,0.07200601643936459
15753969,724,Spain,Male,45,5,83888.54,1,0,1,34121.81,0,0,0.45595203758463837
15708236,491,France,Female,72,6,91285.22,1,1,1,7032.95,0,0,0.3125625154551234
15585362,749,France,Female,60,6,0.0,1,1,0,17978.68,1,1,0.8928860571937962
15616709,587,Germany,Female,38,0,132122.42,2,0,0,31730.32,0,0,0.38546640814649996
15770345,559,Spain,Female,31,1,139183.06,1,0,1,143360.56,0,0,0.27999078153288115
15732740,765,Spain,Female,32,9,178095.55,1,0,0,47247.56,0,0,0.4442797541264359
15659656,849,France,Male,35,4,110837.73,1,0,0,126419.8,0,0,0.2865589076479913
15758639,641,France,Male,37,7,0.0,2,1,0,75248.3,0,0,0.10135327143942147
15792328,475,France,Male,39,6,0.0,1,1,1,56999.9,1,0,0.40645930313182405
15728829,509,France,Male,18,7,102983.91,1,1,0,171770.58,0,0,0.2778983132383583
15655123,505,Spain,Female,45,9,131355.3,3,1,0,195395.33,1,1,0.8451150946833144
15632256,541,France,Male,29,7,127504.57,1,0,0,86173.92,0,0,0.27142274114780157
15809585,646,France,Male,38,7,0.0,2,1,0,1528.4,0,0,0.10766223932715108
15755825,666,France,Male,39,10,0.0,2,1,0,102999.33,0,0,0.1188877482065671
15628308,850,France,Female,24,6,0.0,2,1,1,13159.9,0,0,0.11350473001670626
15733842,597,France,Female,24,1,103219.47,1,1,0,60420.07,0,0,0.3172650824059274
15678572,529,Spain,Male,38,7,99842.5,2,1,0,90256.06,1,0,0.23424497287938822
15757408,655,Spain,Male,38,3,250898.09,3,0,1,81054.0,1,1,0.7536640058819748
15576111,734,Germany,Male,33,5,121898.58,1,1,0,61829.89,0,0,0.5851967343459654
15723013,613,Germany,Male,28,7,76656.4,2,1,1,185483.24,0,0,0.09463806477687259
15671514,669,Spain,Female,33,8,0.0,2,0,1,128538.05,0,0,0.1138434512601596
15680895,627,Spain,Female,35,7,0.0,1,1,0,187718.26,0,0,0.5030015106182514
15808223,615,Spain,Male,41,1,126773.43,1,1,1,55551.26,0,0,0.30301249842938605
15737814,622,France,Male,41,2,127087.06,1,1,0,102402.91,1,0,0.4515921278386428
15810826,624,France,Male,36,6,0.0,2,0,0,84749.96,0,0,0.09510670928749392
15608726,663,France,Male,24,7,0.0,2,1,1,166310.82,0,0,0.05899197196953387
15774630,601,Germany,Female,47,1,142802.02,1,1,1,57553.02,0,1,0.7837108522231452
15811343,644,Germany,Male,35,5,161591.11,3,1,1,63795.62,0,1,0.7853963719520116
15692291,563,Spain,Female,42,6,99056.22,2,1,0,154347.95,1,0,0.4864929544485062
15647203,750,France,Female,35,3,0.0,1,1,0,191520.5,0,0,0.5267919565816189
15730447,629,France,Female,49,4,0.0,2,1,1,196335.48,0,0,0.28941635959969153
15625501,570,Germany,Male,38,1,127201.58,1,1,0,147168.28,1,1,0.6532436392101941
15801293,850,Germany,Male,27,1,101278.25,2,1,1,26265.18,0,0,0.165267616387243
15721740,633,Germany,Male,50,7,88302.65,1,1,1,195937.16,0,0,0.5691788524960423
15612193,762,Spain,Male,29,10,115545.33,2,1,0,148256.43,0,0,0.15930152519744814
15722404,445,France,Female,30,3,0.0,2,1,1,127939.19,0,0,0.11070495962857889
15668235,614,France,Female,41,3,123475.04,1,1,1,179227.52,0,0,0.46865634662594663
15669326,658,France,Male,44,2,168396.34,1,1,1,14178.73,0,0,0.4614919270804538
15702464,549,France,Female,34,4,0.0,2,0,0,139463.57,0,0,0.12596031386623743
15796114,594,France,Female,34,7,141525.55,1,0,0,9443.15,0,0,0.32544502538503745
15714575,742,Germany,Female,44,8,107926.02,1,0,1,17375.27,1,1,0.8101084319397767
15729908,411,France,Female,36,10,0.0,1,0,0,120694.35,0,0,0.5000873938983932
15750299,746,Spain,Male,24,10,68781.82,1,0,1,47997.39,0,0,0.22047617924286872
15666252,706,Spain,Male,42,9,0.0,2,1,1,28714.34,0,0,0.13525568363936968
15710456,607,France,Female,27,2,0.0,2,1,0,63495.86,0,0,0.14217080964361536
15765266,615,France,Male,32,1,0.0,2,0,0,2139.25,0,0,0.08781151756012218
15611029,488,Germany,Female,33,4,140002.35,1,1,0,123613.81,0,0,0.496556248475154
15641860,764,Germany,Male,34,6,108760.27,2,1,0,166324.79,1,0,0.3010878672198767
15604130,622,Spain,Female,47,6,142319.03,1,0,0,100183.05,0,1,0.7439582933341891
15598275,709,France,Female,32,7,0.0,2,1,1,199418.02,0,0,0.11336457100600572
15763093,540,Germany,Female,35,7,128369.75,2,1,0,198256.15,0,0,0.33279691237769776
15609083,544,France,Female,26,6,0.0,1,1,0,100200.4,1,0,0.3993091334630137
15641490,850,Germany,Female,25,8,69385.17,2,1,0,87834.24,0,0,0.1780470447277781
15704629,582,France,Female,32,1,116409.55,1,0,1,152790.92,0,0,0.23466803477817966
15787318,537,Germany,Female,47,6,103163.35,1,1,0,16259.64,1,1,0.9022211896189906
15730810,613,Spain,Male,44,9,100524.69,1,1,1,47298.95,0,0,0.408283877279801
15677739,562,France,Male,36,6,0.0,2,1,0,32845.32,0,0,0.08845891764512041
15758831,754,France,Male,39,3,74896.33,1,0,0,34430.16,0,0,0.3436470162520909
15631709,470,Spain,Female,31,2,101675.22,2,1,0,45033.75,0,0,0.26993415254475095
15624781,672,France,Female,34,1,142151.75,2,1,1,168753.34,0,0,0.1926568302882413
15689661,663,France,Male,22,6,0.0,2,0,1,131827.15,0,0,0.06203283601483025
15566543,573,Spain,Male,44,9,0.0,2,1,0,107124.17,0,0,0.2795672925942236
15792176,698,Spain,Female,40,0,92053.44,1,1,1,143681.83,0,0,0.46116755649475183
15661433,519,France,Male,34,5,0.0,1,1,0,68479.6,0,0,0.3940405914264109
15599268,584,Spain,Male,32,5,0.0,2,1,0,10956.82,0,0,0.08054560471437586
15715667,850,France,Female,32,7,0.0,2,0,0,155227.0,0,0,0.11773109406355012
15666856,774,France,Male,49,1,142767.39,1,1,1,8214.41,0,0,0.48415337205127007
15802758,594,Germany,Female,23,4,104753.84,2,1,0,56756.52,1,0,0.31720738124440495
15774098,701,Germany,Male,38,3,125385.49,2,0,1,52044.66,0,0,0.2775632720899584
15644621,597,Germany,Female,40,9,106756.01,2,1,0,151167.94,0,0,0.4774548260068964
15788659,695,France,Male,46,4,0.0,2,1,1,137537.22,0,0,0.21525838941289305
15732943,574,Spain,Male,36,4,77967.5,1,1,0,167066.95,1,0,0.34134814872909414
15752953,634,France,Male,45,9,0.0,2,0,0,17622.82,0,0,0.2719170474266485
15809872,650,France,Male,32,2,84906.45,1,1,0,163216.48,0,0,0.2539870326825061
15680405,685,France,Male,40,2,168001.34,2,1,1,167400.29,0,0,0.24238249440775306
15681075,682,France,Female,58,1,0.0,1,1,1,706.5,0,1,0.6205768453909469
15806837,669,France,Male,37,4,0.0,1,1,0,132540.33,0,0,0.4126391502423875
15718673,839,Spain,Female,33,10,75592.43,1,1,0,62674.42,0,0,0.33735871808166784
15654878,450,France,Male,29,7,117199.8,1,1,1,43480.63,0,0,0.17972914829674283
15700801,850,Germany,Male,42,6,84445.68,3,0,1,60021.34,1,1,0.6721842793482143
15671334,527,France,Male,31,4,0.0,1,1,0,169361.89,0,0,0.37177557089352525
15623730,792,France,Male,34,1,0.0,1,0,1,86330.32,0,0,0.26037537389199095
15665088,531,France,Female,42,2,0.0,2,0,1,90537.47,0,0,0.29095885815919004
15735025,535,Spain,Male,37,3,175534.78,2,1,1,9241.52,0,0,0.21026494544970556
15602979,751,France,Male,29,1,135536.5,1,1,0,66825.33,0,0,0.2906698016128237
15754577,556,France,Female,51,8,61354.14,1,1,0,198810.65,1,1,0.7429890120131399
15624180,584,Germany,Female,37,10,134171.8,4,1,1,70927.11,1,1,0.8641328176728723
15700383,763,France,Female,35,7,115651.6,2,1,1,104706.29,0,0,0.20268936763403
15714832,652,Germany,Male,36,9,150956.71,1,0,0,72350.17,0,0,0.4962730794524374
15801699,436,Spain,Male,43,5,0.0,2,1,1,35687.43,0,0,0.21147860332866003
15597930,646,France,Male,52,8,59669.43,1,0,0,172495.81,1,1,0.8435192635674059
15688563,694,Germany,Male,31,4,141989.27,2,1,0,26116.82,0,0,0.25356305499178666
15690733,608,Spain,Male,45,4,0.0,2,0,0,36697.48,1,0,0.2710574429549214
15626507,558,France,Male,27,1,152283.39,1,1,0,183271.15,0,0,0.26000513446238854
15585855,679,France,Male,40,1,0.0,1,1,1,16897.19,0,0,0.38212810243443834
15599829,577,France,Female,35,10,0.0,2,1,1,25161.61,0,0,0.1923030112286636
15579969,683,France,Female,32,9,0.0,2,1,1,24991.92,0,0,0.12980244602445346
15714689,591,Spain,Male,29,1,97541.24,1,1,1,196356.17,0,0,0.24301761338359412
15795878,636,Spain,Male,45,3,0.0,2,1,1,159463.8,0,0,0.21656167675255392
15810460,708,Spain,Female,64,5,0.0,3,0,1,112520.07,1,1,0.6440546732198493
15600781,699,Germany,Male,34,4,185173.81,2,1,0,120834.48,0,0,0.2034493065898725
15796343,707,France,Female,31,2,82787.93,2,0,0,91423.69,0,0,0.21303212148560138
15659475,597,France,Female,33,6,135703.59,2,0,0,74850.84,0,0,0.23951920287610828
15647207,609,France,Male,26,7,0.0,2,1,0,98463.99,0,0,0.08849497637500005
15700813,522,Germany,Female,25,5,94049.92,2,1,0,103269.0,0,0,0.26699238545816983
15566111,596,France,Male,39,9,0.0,1,1,0,48963.59,0,0,0.41625821037328015
15651983,591,France,Female,56,9,128882.49,1,1,1,196241.94,1,0,0.5195161064401062
15724663,654,Spain,Female,36,5,0.0,2,0,0,157238.05,0,0,0.14364831425767782
15786167,649,Spain,Male,20,5,0.0,2,1,1,58309.54,0,0,0.06588885889428037
15593250,640,France,Female,29,4,0.0,2,1,0,44904.26,0,0,0.1250618073950071
15600688,600,France,Female,39,5,0.0,2,0,0,118272.07,0,0,0.19841207046548656
15631162,631,France,Male,32,10,0.0,2,0,1,196342.66,0,0,0.08535107658963696
15811958,850,Germany,Male,44,2,112755.34,2,0,0,158171.36,0,0,0.44611580769984266
15598751,556,France,Female,43,6,0.0,3,0,0,125154.57,1,1,0.8445928586226314
15607133,717,Spain,Female,49,1,110864.38,2,1,1,124532.9,1,0,0.5066155361173048
15636105,758,Spain,Male,61,2,0.0,2,1,1,43982.41,0,0,0.23255174902882567
15712568,515,Spain,Male,40,10,121355.99,1,1,0,138360.29,0,0,0.43986757551435846
15801336,649,Germany,Female,37,8,114737.26,1,1,1,106655.88,1,1,0.6012891175413599
15655339,566,France,Male,36,1,142120.91,1,1,0,79616.37,0,0,0.3165329200440845
15791006,760,Germany,Female,34,6,58003.41,1,1,0,90346.1,0,0,0.3922085244498057
15626882,662,Spain,Male,37,5,94901.09,1,1,1,48233.75,0,0,0.21744447485043167
15654211,559,Spain,Female,27,1,0.0,1,0,1,1050.33,0,0,0.3494064614423007
15659305,605,Germany,Male,19,8,166133.28,1,1,1,107994.99,0,0,0.25149798892915076
15729836,646,Spain,Male,32,1,0.0,2,1,0,183289.22,0,0,0.10639018296036301
15659501,753,France,Female,38,6,142263.45,1,0,1,33730.43,0,0,0.28872818855548354
15657637,696,Spain,Female,36,3,0.0,3,1,0,65039.9,0,0,0.49812015146672306
15761340,521,France,Male,22,5,0.0,2,1,1,99828.45,0,0,0.0729617983497
15586870,632,France,Male,27,4,193125.85,1,1,1,152665.85,0,0,0.2702450463532092
15665327,706,France,Male,18,2,176139.5,2,1,0,129654.22,0,0,0.24049987807636178
15644796,821,Spain,Female,38,8,0.0,2,0,1,126241.4,1,0,0.11100483992247005
15572626,620,Spain,Male,44,8,0.0,2,1,1,15627.51,0,0,0.21168274405601578
15728043,648,Germany,Female,37,7,138503.51,2,1,0,57215.85,0,0,0.37503865051867835
15713596,428,France,Female,62,1,107735.93,1,0,1,58381.77,0,0,0.5866249276847668
15684951,542,France,Female,59,2,68892.77,2,1,0,7905.06,1,1,0.7011103513551896
15707242,504,Spain,Male,40,5,0.0,2,0,0,146703.36,0,0,0.129818630500983
15733777,817,France,Male,44,8,0.0,1,0,0,65501.91,1,1,0.660476154858345
15761286,696,Germany,Female,66,7,119499.42,2,1,1,174027.3,0,0,0.5884327790603042
15733904,529,France,Male,32,9,147493.89,1,1,0,33656.35,0,0,0.2983218922751515
15643752,540,France,Male,25,5,116160.23,1,1,0,13411.67,0,0,0.2902098023747489
15579994,616,France,Male,23,8,73112.95,1,1,1,62733.05,0,0,0.19959748826594642
15664523,696,Germany,Female,31,8,122021.92,2,1,0,33828.64,0,0,0.31400649922758617
15585867,596,Spain,Male,36,2,0.0,2,0,1,125557.95,0,0,0.08206075056385057
15743582,632,France,Female,27,3,107375.82,1,1,1,62703.38,0,0,0.23236116969451012
15693683,814,Germany,Male,29,8,97086.4,2,1,1,197276.13,0,0,0.14760762470816732
15590241,750,Spain,Female,34,9,112822.26,1,0,0,150401.53,1,0,0.35039586413594104
15757559,595,France,Female,53,7,0.0,2,1,0,41371.68,1,0,0.5436554424834689
15719856,646,France,Female,45,3,47134.75,1,1,1,57236.44,0,1,0.6209404301317554
15600997,747,Germany,Female,32,5,67495.04,2,0,1,77370.37,0,0,0.13025341679892585
15633108,646,France,Male,26,4,139848.17,1,1,0,164696.27,0,0,0.27290449440182285
15773456,678,Germany,Male,36,3,145747.67,2,0,1,89566.74,0,0,0.1674021337187239
15702566,554,Spain,Male,26,8,149134.46,1,1,1,177966.24,0,0,0.23460551535532978
15571873,655,France,Male,24,9,107065.31,1,1,1,51959.82,0,0,0.17936939131430413
15641250,794,Spain,Male,38,9,179581.31,1,1,0,23596.24,0,0,0.45231592490869743
15734008,727,Germany,Male,59,5,152581.06,1,1,0,71830.1,1,1,0.8619466716762887
15692664,677,France,Female,58,1,90022.85,1,0,1,2988.28,0,0,0.5851660310572948
15724145,616,Germany,Male,29,8,149318.55,1,1,0,140746.13,0,0,0.441095202185101
15574169,595,Germany,Female,32,0,92466.21,1,1,0,4721.3,0,0,0.4429025969162901
15748854,723,Germany,Female,28,5,91938.31,1,1,0,143481.85,0,0,0.4452100642472756
15661526,815,Germany,Male,37,2,110777.26,2,1,0,2383.59,0,0,0.3373859877048465
15724127,790,France,Female,26,4,141581.71,2,0,0,98309.27,0,0,0.22043882181034472
15607988,663,Germany,Female,37,8,155303.71,1,1,0,118716.63,0,0,0.49636102745661936
15661409,542,France,Female,42,1,0.0,1,1,1,178256.58,1,0,0.5740143792463822
15621768,712,Spain,Male,45,6,112994.65,1,0,0,198398.68,0,1,0.6332209663235772
15712608,787,Germany,Female,42,2,74483.97,2,0,1,44273.91,0,0,0.29500813119016256
15719793,850,Spain,Male,62,5,0.0,2,1,1,180243.56,0,0,0.18899105837529312
15713578,483,France,Female,50,9,0.0,2,1,1,111020.24,0,0,0.4158226236653477
15572728,704,Spain,Male,36,8,127397.34,1,1,0,151335.24,0,0,0.3032714401744397
15621653,716,France,Female,29,10,87946.39,1,1,1,182531.74,0,0,0.2930284908331641
15631512,597,France,Female,26,8,149989.39,1,1,0,42330.58,0,0,0.3284695939225446
15654851,748,France,Male,44,2,92911.52,1,0,1,85495.24,0,0,0.4587096766842633
15733247,850,France,Male,33,10,0.0,1,1,0,4861.72,1,0,0.37532278472488395
15638003,648,Spain,Male,55,1,81370.07,1,0,1,181534.04,0,0,0.4787357647340953
15657540,578,France,Male,50,5,151215.34,2,1,0,169804.4,0,1,0.6540333417228859
15720284,607,Germany,Female,37,4,135927.06,1,0,0,180890.4,0,0,0.5911992861656722
15581551,850,Spain,Male,41,8,132838.07,1,1,1,175347.28,0,0,0.24261537783139264
15775627,509,France,Male,35,8,0.0,2,0,1,67431.28,0,0,0.0869063277866991
15715079,465,France,Male,41,9,117221.15,1,1,0,168280.95,0,0,0.5013467144513412
15592761,710,France,Male,40,5,0.0,2,0,0,162878.96,0,0,0.13475248942789048
15589475,591,Spain,Female,39,3,0.0,3,1,0,140469.38,1,1,0.7013126384790219
15809826,728,France,Female,46,2,109705.52,1,1,0,20276.87,1,1,0.7568972141847113
15721469,492,Germany,Male,45,9,170295.04,2,0,0,164741.81,0,0,0.48916076670090797
15644882,616,Germany,Female,36,10,78249.53,1,1,0,136934.91,0,0,0.41000223429080196
15775234,646,France,Male,24,8,0.0,2,0,0,92612.88,0,0,0.0771155104261883
15575119,779,France,Male,71,3,0.0,2,1,1,146895.36,1,0,0.09741600341274557
15731026,683,Germany,Female,39,2,100062.16,2,1,0,109201.43,0,0,0.4055085174874643
15692408,463,Spain,Female,35,2,0.0,2,1,1,1950.93,0,0,0.17146798429813476
15685243,736,France,Female,63,10,0.0,2,0,1,502.7,0,0,0.2758910442640347
15815626,640,France,Male,63,2,68432.45,2,1,1,112503.24,1,0,0.2922134022264483
15719579,670,Germany,Female,33,9,84521.48,2,0,1,198017.05,0,0,0.16719239037398073
15622443,549,France,Male,31,4,0.0,2,0,1,25684.85,0,0,0.07119769390036824
15734365,579,France,Male,39,5,0.0,2,0,1,39891.84,0,0,0.1029850868850698
15665695,594,France,Female,49,4,0.0,2,1,1,23631.55,0,0,0.31126582306380973
15665110,515,France,Female,25,7,79543.59,1,0,1,38772.82,0,0,0.21714339728459017
15773779,593,Spain,Female,46,2,76597.79,1,1,1,54453.72,0,0,0.5742386127673269
15626141,750,France,Female,26,1,151510.17,2,1,1,19921.72,0,0,0.182885000067646
15773447,526,Spain,Male,30,8,0.0,1,1,0,36251.0,0,0,0.34615247073226185
15762134,506,Germany,Male,59,8,119152.1,2,1,1,170679.74,0,0,0.5425620499471525
15780088,607,Spain,Male,34,9,132439.99,1,1,0,177747.72,0,0,0.3029038272141241
15803479,708,France,Female,67,1,0.0,2,0,1,3837.08,0,0,0.1477128753760852
15717700,683,Spain,Male,34,9,114609.55,2,0,1,25339.29,0,0,0.13268382910585755
15633574,730,France,Female,41,4,167545.32,1,1,0,128246.81,0,0,0.5694614096591892
15776051,551,France,Female,45,6,0.0,2,1,1,51143.43,0,0,0.2720913006597348
15574858,530,France,Male,37,8,0.0,2,1,1,287.99,0,0,0.16372594802174095
15612139,786,France,Female,33,0,83036.05,1,0,1,154990.58,1,0,0.21718332474668275
15632263,574,Spain,Male,30,5,120355.0,1,1,0,137793.35,0,0,0.3087179023368358
15638513,723,France,Female,40,7,142856.95,2,0,0,38019.74,0,0,0.3354349848861668
15677377,543,Spain,Male,37,3,0.0,2,1,1,78915.68,0,0,0.08559686460980752
15628600,807,Germany,Female,31,1,141069.18,3,1,1,194257.11,0,0,0.5507907074751541
15778157,598,Spain,Male,27,8,90721.52,2,1,0,109296.18,0,0,0.17868864285815764
15631451,604,Spain,Female,28,6,0.0,2,1,1,69056.26,0,0,0.10807757687738215
15744041,780,France,Female,26,3,140356.7,1,1,0,117144.15,0,0,0.34347744759171783
15770548,453,Germany,Female,28,3,139986.65,1,1,0,136846.75,0,0,0.47787703097630924
15809178,569,Germany,Female,42,9,146100.75,1,1,0,32574.01,1,1,0.7057696967245416
15603378,768,France,Female,36,3,141334.95,1,0,1,125870.5,0,0,0.24968963408220599
15642544,723,France,Male,34,5,0.0,2,0,1,12092.03,0,0,0.07535258891529661
15735636,604,France,Female,53,2,121389.78,1,1,1,48201.64,1,1,0.6077064535002082
15683521,594,Germany,Male,28,0,142574.71,2,1,0,129084.82,0,0,0.2843855603383453
15647725,675,France,Female,61,5,62055.17,3,1,0,166305.16,1,1,0.9369345461784475
15735522,654,Germany,Male,37,2,145610.07,2,0,0,186300.59,0,0,0.2878426489001281
15635125,566,Spain,Male,63,2,120787.18,2,1,1,52198.84,0,0,0.3559248969919798
15696054,596,France,Male,37,2,0.0,1,0,1,121175.86,0,0,0.3825511530002763
15786249,616,Spain,Male,30,2,0.0,2,1,0,199099.51,0,0,0.09761502947505829
15642655,731,Spain,Male,33,1,0.0,1,1,0,130726.96,0,0,0.4186926165110163
15634551,727,Germany,Male,46,3,115248.11,4,1,0,130752.01,1,1,0.9375355424281301
15756056,561,Spain,Female,28,3,0.0,2,1,0,191387.76,0,0,0.12990812705824736
15713094,651,France,Female,25,8,0.0,2,1,1,126761.2,0,0,0.10779310371091028
15645593,599,France,Female,41,2,91328.71,1,1,0,115724.78,0,0,0.5625575817383591
15708003,587,Spain,Male,41,8,85109.21,1,1,0,1557.82,0,0,0.41032552730132266
15749583,686,Germany,Female,38,2,93569.86,3,0,0,10137.34,1,1,0.737299443184891
15748327,724,Germany,Male,34,6,118235.7,2,0,0,157137.23,0,0,0.28564152807939974
15656707,720,Spain,Male,21,2,123200.78,1,1,1,180712.28,0,0,0.1883634550519855
15700223,806,France,Male,48,4,164701.68,1,1,1,21439.49,0,0,0.46567111061912053
15765952,769,France,Male,29,4,145471.37,1,1,0,188382.77,0,0,0.2784160684810628
15764409,613,France,Male,37,9,108286.5,1,1,1,114153.44,0,0,0.2211900896463744
15715888,591,France,Female,38,2,142289.28,1,0,1,119638.85,0,0,0.3014809184580744
15594815,807,France,Male,35,3,174790.15,1,1,1,600.36,0,0,0.20781173469101052
15712199,655,Germany,Female,61,2,183997.7,2,1,1,161217.18,0,0,0.40482916272489283
15801152,553,Spain,Female,39,1,142876.98,2,1,0,44363.42,0,0,0.29627859255800554
15781272,669,France,Male,50,4,149713.61,3,1,1,124872.42,1,1,0.8619682886591228
15700046,635,France,Male,41,4,103544.88,2,1,0,193746.55,0,0,0.25617085659264444
15725002,749,France,Male,37,7,0.0,2,1,0,20306.79,0,0,0.09248482544694094
15639576,691,France,Male,26,9,136623.19,1,1,0,153228.0,0,0,0.2759698078679553
15717935,589,France,Female,21,3,0.0,2,0,1,55601.44,0,0,0.11525937226570489
15757541,778,France,Female,33,9,151772.63,2,0,0,180249.94,1,0,0.22532090373772873
15683375,541,France,Female,32,4,0.0,1,1,1,114951.42,0,0,0.306318344348737
15759436,758,France,Female,50,2,95813.76,3,1,1,67944.09,1,1,0.8803981657073535
15734714,559,France,Female,29,3,79715.36,1,1,0,82252.28,0,0,0.36284922140512904
15579189,690,France,Female,42,5,0.0,2,0,1,120512.08,0,0,0.2807681749887045
15791674,846,France,Female,34,10,142388.61,2,0,1,68393.64,1,0,0.16670739875589888
15672610,567,Spain,Male,40,4,118628.8,1,0,0,91973.63,0,0,0.4227043637287412
15576313,486,Germany,Female,40,9,71340.09,1,1,0,76192.21,0,0,0.4877715995074917
15692142,707,Germany,Female,48,7,105086.74,1,1,1,180344.69,1,1,0.7963943224323772
15706534,581,France,Female,47,1,122949.14,1,0,0,180251.68,1,1,0.779578438943159
15691104,460,Germany,Female,40,6,119507.58,2,1,0,91560.63,1,0,0.4239668976739109
15580462,607,Spain,Male,40,1,112544.45,1,1,1,19842.22,0,0,0.3169520647033637
15660688,701,Spain,Female,35,9,0.0,2,0,0,170996.86,0,0,0.14448930682646266
15591552,600,France,Female,32,7,98877.95,1,1,0,132973.21,0,0,0.34987636931460414
15647295,426,France,Male,34,9,0.0,2,1,0,107876.91,0,0,0.11583583142935552
15795747,787,Spain,Female,39,7,171646.76,1,0,1,100791.36,0,0,0.29323798319645694
15663808,666,Germany,Female,59,8,152614.51,2,1,1,188782.3,0,0,0.5183658672130738
15703264,735,France,Male,44,9,120681.63,1,1,0,74836.34,0,1,0.6390030254272552
15626452,711,Spain,Male,32,5,0.0,2,1,1,147720.27,0,0,0.06484898945246045
15769389,709,Germany,Female,39,9,124723.92,1,1,0,73641.86,0,1,0.6965956722493174
15761854,746,France,Female,24,4,0.0,1,0,1,94105.0,0,0,0.24862476371479209
15775756,809,Germany,Male,33,8,148055.74,1,0,0,199203.21,0,0,0.46897949916097864
15764922,596,Spain,Male,20,3,187294.46,1,1,0,103456.47,0,0,0.364228893492909
15572022,605,France,Female,36,6,0.0,1,0,1,690.84,0,0,0.34287524618278326
15773972,614,France,Male,50,4,137104.47,1,1,0,127166.49,1,1,0.7932586328665703
15796993,741,France,Male,52,1,171236.3,2,0,0,21834.4,1,1,0.6270766751845155
15727857,635,Spain,Male,41,1,0.0,2,1,0,175611.5,0,0,0.1304725080332566
15802207,769,Germany,Male,43,4,110182.54,2,1,1,87537.32,0,0,0.5243708074366962
15662574,636,Spain,Male,37,1,115137.26,1,1,0,52484.01,0,0,0.33664666446772523
15758606,738,France,Male,54,4,0.0,1,0,1,55725.04,1,1,0.6277977501739769
15734312,577,Spain,Male,43,6,0.0,2,1,1,149457.81,0,0,0.19985250557785467
15605284,688,France,Male,26,1,0.0,2,1,1,104435.94,0,0,0.07516286913151822
15702442,586,Germany,Female,56,9,100781.75,2,1,1,54448.41,0,1,0.6451823410427592
15680855,637,France,Male,33,2,145731.83,1,0,1,109219.43,0,0,0.19037411314196614
15737977,527,France,Female,25,6,0.0,2,0,1,96758.58,0,0,0.09954975214942337
15731267,797,France,Male,37,4,75263.7,1,1,0,85801.77,0,0,0.32108685708101264
15682489,605,France,Male,27,9,0.0,2,1,0,198091.81,0,0,0.10266471208388123
15673619,530,France,Male,25,9,162560.32,1,1,0,64129.03,0,0,0.30666274807557037
15568849,540,Spain,Female,31,10,118158.74,1,1,1,158027.57,0,0,0.3110867995781507
15749123,743,Spain,Male,45,7,157332.26,1,1,0,125424.42,0,1,0.6920406443480174
15712551,622,Germany,Female,58,7,116922.25,1,1,0,120415.61,1,1,0.9264362284296763
15654870,759,France,Female,45,8,0.0,2,1,1,99251.24,0,0,0.2760882291808786
15694125,669,France,Male,57,5,0.0,2,1,1,56875.76,0,0,0.21510198037152276
15670866,693,France,Male,31,2,0.0,2,1,1,107759.31,0,0,0.07414378297860426
15742229,583,France,Male,59,7,127450.14,1,0,1,67552.71,0,0,0.47217553123894507
15720354,581,France,Male,71,4,0.0,2,1,1,197562.08,0,0,0.15947268441492946
15628863,601,France,Male,38,4,60013.81,1,1,1,38020.05,0,0,0.31860962179345925
15655082,607,France,Female,48,4,112070.86,3,1,0,173568.3,1,1,0.9205516282776949
15663885,741,France,Male,32,5,0.0,1,1,1,64839.23,0,0,0.27116714495885963
15728474,558,Germany,Male,32,4,108235.91,1,1,1,143783.28,0,0,0.38171377216177454
15732643,386,Spain,Female,53,1,131955.07,1,1,1,62514.65,1,0,0.5645359617943724
15578546,491,Germany,Male,26,4,102251.14,1,1,1,145900.89,0,0,0.31238250520177585
15751491,443,Germany,Male,50,3,117206.3,1,1,0,42840.18,1,1,0.8964321561190496
15638487,586,Germany,Male,38,2,136858.42,1,0,1,189143.94,0,0,0.5205432450427171
15579566,616,Spain,Female,43,3,120867.18,1,1,0,18761.92,1,1,0.6114468022950749
15656901,615,France,Male,59,8,0.0,2,1,1,165576.55,0,0,0.253684488266949
15758856,597,France,Male,45,7,0.0,2,0,0,167756.45,0,0,0.2719691222096203
15585222,515,France,Male,41,8,0.0,2,1,1,185054.14,0,0,0.14080659485365893
15674868,696,Spain,Female,30,0,0.0,2,1,1,9002.8,0,0,0.22806052084768755
15806256,540,France,Male,48,2,109349.29,1,1,0,88703.04,1,1,0.7807169408104667
15612350,691,France,Female,31,5,40915.55,1,1,0,126213.84,1,0,0.4632195189317871
15730038,706,France,Female,23,5,0.0,1,0,0,164128.41,1,0,0.4010747960474411
15659325,802,Spain,Male,40,5,0.0,2,1,1,175043.69,0,0,0.08482952820077962
15659364,685,Spain,Male,23,5,164902.43,1,0,0,141152.28,0,0,0.30304994902847837
15804610,601,France,Female,41,1,0.0,2,0,1,160607.06,0,0,0.25698969541534217
15607713,850,Spain,Female,29,1,0.0,2,1,1,197996.65,0,0,0.10332365900550788
15670496,655,Spain,Female,27,9,0.0,2,0,0,108008.05,0,0,0.12049107909584128
15665521,642,Germany,Male,18,5,111183.53,2,0,1,10063.75,0,0,0.20937293000400475
15673984,536,France,Female,35,8,0.0,1,1,0,171840.24,1,0,0.4983631559377304
15620735,667,Germany,Female,33,4,127076.68,2,1,0,69011.66,0,0,0.33867764597381345
15793049,680,Germany,Female,48,8,115115.38,1,1,0,139558.6,1,1,0.9221132922598749
15625740,627,Germany,Male,62,3,143426.34,2,1,1,143104.3,0,0,0.4912102082496705
15751131,836,Spain,Female,41,7,150302.84,1,1,1,156036.19,0,0,0.4059796517965621
15777893,777,France,Male,43,1,0.0,2,1,0,21785.91,0,0,0.2382584197708474
15601550,595,Spain,Male,36,6,85768.42,1,1,1,24802.77,0,0,0.24579714491642435
15800583,621,Spain,Female,43,8,0.0,1,0,0,102806.6,0,1,0.7189697165897198
15640418,649,Germany,Female,41,4,115897.73,1,1,0,143544.48,0,1,0.7119214278473001
15614420,531,Germany,Female,32,0,109570.21,2,1,1,172049.84,0,0,0.23638411253316666
15784923,705,Germany,Female,37,3,109974.22,1,1,1,36320.87,1,0,0.5882744810541627
15762198,812,France,Male,34,5,103818.43,1,1,1,166038.27,0,0,0.1761473535880772
15794413,416,France,Male,32,0,0.0,2,0,1,878.87,0,0,0.09900876163231126
15700476,564,Germany,Male,41,9,103522.75,2,1,1,34338.21,0,0,0.3618219769038846
15665956,509,France,Female,46,1,0.0,1,1,0,71244.59,1,1,0.8404156869508996
15645517,850,Spain,Male,22,2,0.0,2,1,1,9684.52,0,0,0.07383135491901878
15584545,532,France,Female,40,5,0.0,2,0,1,177099.71,0,0,0.24140222992529695
15679622,602,France,Male,35,8,0.0,1,1,1,22499.29,0,0,0.32726085018764706
15697183,685,Spain,Male,43,9,0.0,2,1,0,107811.28,0,0,0.2543028556405358
15707974,815,Spain,Female,38,2,48387.0,1,1,0,184796.84,0,0,0.5029235520144365
15644699,850,France,Female,40,0,0.0,2,1,0,1099.95,0,0,0.22565420645577675
15799710,739,France,Male,37,7,104960.46,1,0,1,80883.82,0,0,0.20140061341663487
15568963,674,Germany,Male,34,2,152797.9,1,1,0,175709.4,1,0,0.40227575276943633
15768124,648,France,Female,34,3,0.0,1,1,0,54726.43,0,0,0.450744857267172
15684318,582,Germany,Female,50,6,96486.57,2,1,1,20344.02,0,1,0.6412625234169124
15695846,684,France,Female,34,6,0.0,2,1,1,130928.22,0,0,0.11552336195050884
15746490,648,Spain,Female,53,6,111201.41,1,1,1,121542.29,0,0,0.544340716780538
15694628,686,Germany,Female,39,4,157731.6,2,1,0,162820.6,0,0,0.34265800633613497
15592089,788,France,Female,43,10,0.0,2,1,1,116111.51,0,0,0.3145389113533663
15649239,731,Spain,Male,46,10,0.0,2,1,0,153015.42,0,0,0.31618191655376704
15620268,634,Germany,Male,43,3,212696.32,1,1,0,115268.86,0,0,0.5539314138684611
15658956,505,Germany,Male,40,6,47869.69,2,1,1,155061.97,0,0,0.2171966446686612
15722692,464,France,Male,38,3,116439.65,1,1,0,75574.48,0,0,0.3661539670490052
15662098,650,Spain,Male,41,3,128808.65,3,0,0,113677.53,1,1,0.7931868886869446
15771977,730,France,Female,39,1,99010.67,1,1,0,194945.8,0,0,0.42645903865008933
15700460,530,France,Female,55,4,120905.03,1,0,1,123475.88,1,1,0.6419615357260612
15815530,612,France,Female,42,10,75497.51,1,0,0,149682.78,0,1,0.6523098987054885
15608845,804,Spain,Female,38,3,124197.22,1,1,0,74692.06,0,0,0.413277885874554
15654772,640,France,Female,47,6,89799.46,2,0,1,13783.77,1,0,0.5008945936021686
15745266,434,Spain,Male,55,6,0.0,1,0,1,73562.05,1,0,0.5436265915571392
15715047,640,Spain,Male,43,9,172478.15,1,1,0,191084.4,1,1,0.6283400975110794
15788775,473,Germany,Male,40,8,152576.25,2,1,0,73073.68,0,0,0.30960661805563083
15680430,601,Germany,Female,49,4,96252.98,2,1,0,104263.82,0,1,0.7953860984939872
15677387,749,Germany,Female,33,10,76692.22,1,0,1,30396.43,0,0,0.2748482652424191
15592531,822,France,Male,50,7,0.0,2,1,1,10062.8,0,0,0.22615819722293004
15585280,649,France,Female,36,2,0.0,2,0,1,75035.48,0,0,0.16059211817691513
15778526,719,Spain,Female,48,5,0.0,2,0,0,78563.66,0,0,0.47483349917176815
15604158,554,France,Female,39,10,0.0,2,1,1,18391.93,0,0,0.2838973950655436
15729956,726,Spain,Female,26,1,80780.16,1,1,1,19225.85,0,0,0.2240834637449978
15637178,803,Spain,Female,45,7,0.0,2,1,1,128378.04,0,0,0.27323865219632065
15628992,850,Germany,Male,32,2,128647.98,2,0,0,54416.18,0,0,0.2665249443248065
15677062,666,France,Female,38,6,127043.09,1,1,1,8247.0,0,0,0.3274970111138215
15736990,537,France,Male,28,3,157842.07,1,1,0,86911.49,0,0,0.3052104946034256
15695819,504,Germany,Male,43,5,134740.19,2,1,0,181430.91,0,0,0.5234913971965829
15706557,626,France,Female,52,0,0.0,2,1,0,32159.46,1,0,0.49799098286765486
15633612,696,France,Male,28,4,172646.82,1,1,1,116471.43,0,0,0.20444382576189593
15573112,602,Spain,Male,29,5,103907.28,1,1,0,161229.84,0,0,0.2865198747360058
15730339,670,Spain,Male,30,3,133446.34,1,0,0,3154.95,0,0,0.32837639844446964
15654456,511,Germany,Male,48,6,149726.08,1,0,0,88307.87,1,1,0.8550880972371857
15801915,529,France,Female,31,6,152310.55,1,1,0,13054.25,0,0,0.3379925144138371
15568326,637,France,Female,44,2,0.0,2,1,0,149665.65,0,0,0.3609541011992613
15570990,520,Spain,Female,30,4,145222.99,2,0,0,145160.96,0,0,0.3112300229558113
15679983,565,France,Male,34,7,0.0,1,0,0,74593.84,0,0,0.37191834255431827
15697310,559,Germany,Female,28,3,152264.81,1,0,0,64242.31,0,0,0.4829437383985532
15603481,689,Spain,Female,55,4,0.0,2,1,1,58442.25,0,0,0.28243542980176656
15575935,673,France,Male,59,0,178058.06,2,0,1,21063.71,1,0,0.4402924689127896
15772421,645,Germany,Female,31,1,128927.93,1,1,1,2850.01,0,0,0.4339997335161713
15624013,541,France,Female,39,6,109844.81,1,1,0,25289.23,0,0,0.4607500492004217
15726631,758,France,Female,39,6,127357.76,1,0,1,56577.0,0,0,0.31863439555423695
15604732,483,France,Female,30,9,0.0,2,0,0,136356.97,0,0,0.1358771762403152
15778135,575,Spain,Male,43,3,0.0,1,1,0,83594.51,0,1,0.6851141722807439
15580068,526,Spain,Male,35,5,0.0,2,1,1,105618.14,0,0,0.07682577012157778
15794792,612,France,Female,31,8,117989.76,1,1,1,54129.86,0,0,0.24739815992362793
15613097,605,France,Female,33,4,0.0,2,0,1,83700.66,0,0,0.11329018760917643
15696826,633,France,Female,32,1,104001.38,1,0,1,36642.65,0,0,0.21414283536408138
15752912,661,France,Female,30,7,0.0,2,1,0,72196.57,0,0,0.13012167770331368
15740494,633,France,Female,33,3,0.0,2,1,0,191111.02,0,0,0.14292147497651422
15743193,644,France,Male,37,6,117271.8,2,1,0,104217.96,1,0,0.23905376857833732
15611191,505,Germany,Female,37,10,122453.97,2,1,1,52693.99,0,0,0.30573111410027853
15625713,679,Spain,Female,39,7,91187.9,1,0,1,6075.36,0,0,0.29492434716258187
15684198,551,France,Female,38,10,0.0,2,1,1,216.27,0,0,0.2860742326971837
15690620,665,France,Male,39,10,46323.57,1,1,0,136812.02,0,0,0.43172752244113094
15705506,751,Spain,Male,38,7,0.0,2,0,0,90839.61,0,0,0.09858497013846224
15768104,788,Spain,Male,37,8,141541.25,1,0,0,66013.27,0,0,0.3109226332043939
15592389,684,France,Male,27,2,134603.88,1,1,1,71725.73,0,0,0.18337894988351672
15803804,717,Germany,Female,35,5,103214.71,1,1,0,172172.7,0,1,0.6090149086161634
15653306,679,Germany,Female,32,0,88335.05,1,0,0,159584.81,0,0,0.4213118311210775
15704795,521,France,Female,77,6,0.0,2,1,1,49054.1,0,0,0.16443081948824037
15684934,726,France,Male,31,9,0.0,2,1,1,106117.3,0,0,0.07029279194986791
15698902,547,Germany,Female,42,1,142703.4,1,1,0,86207.49,1,1,0.7157715952806698
15647572,504,Spain,Male,34,0,54980.81,1,1,1,136909.88,0,0,0.2719249938708331
15579808,754,Germany,Female,39,8,129401.87,1,1,1,87684.93,0,1,0.6056873400845689
15742480,775,Germany,Male,36,2,109949.05,2,0,1,71682.54,0,0,0.2289447995177706
15782210,714,France,Male,46,1,0.0,1,1,0,152167.79,1,1,0.778537008307201
15593178,568,Spain,Female,36,10,153610.61,1,1,1,54083.8,1,0,0.28886370336353157
15743532,704,Germany,Male,27,5,147004.34,1,1,0,64381.33,1,0,0.46218452386706566
15812470,719,France,Male,61,5,0.0,2,0,1,29132.43,0,0,0.19169191208532677
15748532,828,Spain,Male,42,10,0.0,1,1,1,186071.14,0,0,0.36529421712666676
15576162,615,France,Male,32,7,92199.84,1,1,1,2755.53,0,0,0.18027761028206254
15591986,621,Germany,Male,46,6,141078.37,1,0,0,34580.8,1,1,0.860256173496658
15762855,622,Spain,Female,23,8,0.0,2,1,1,131389.39,0,0,0.12252678869897039
15590476,589,France,Male,28,7,0.0,2,1,0,151645.96,0,0,0.08590203366670814
15616152,754,France,Female,47,1,185513.67,1,1,0,27438.83,0,1,0.7266401811605344
15766683,549,Germany,Male,36,6,139422.37,1,0,0,83983.39,1,0,0.5009550584728844
15764293,490,France,Male,33,1,0.0,2,1,1,80792.83,0,0,0.07666411269061923
15777826,643,France,Male,30,5,94443.77,1,1,1,165614.4,0,0,0.1869563770984932
15739194,548,Spain,Male,38,0,178056.54,2,1,0,38434.73,0,0,0.30503627660694754
15715673,651,Spain,Female,46,4,89743.05,1,1,0,156425.57,1,1,0.787570981760868
15761487,678,France,Female,55,5,0.0,1,0,1,196794.11,1,1,0.6300624563523989
15691004,407,Spain,Male,37,1,0.0,1,1,1,49161.12,1,0,0.4784066479451041
15762392,683,Spain,Male,30,1,113257.2,1,1,1,65035.02,0,0,0.1819376099859431
15692750,629,Germany,Female,45,7,129818.39,3,1,0,9217.55,1,1,0.9242274712930092
15735263,736,France,Male,27,5,51522.75,1,0,1,192131.77,0,0,0.22543390825794238
15678626,538,Spain,Female,31,0,0.0,2,0,0,179453.66,0,0,0.13300957059926585
15704378,655,Germany,Male,37,9,121342.24,1,1,1,180241.44,0,0,0.5539718889293752
15649112,738,Spain,Female,33,3,122134.4,2,0,1,27867.59,0,0,0.20278085997093917
15654379,588,Spain,Male,59,4,0.0,2,1,1,27435.41,0,0,0.28447209576698573
15704284,736,Germany,Male,57,9,95295.39,1,1,0,28434.44,1,1,0.8962977912195177
15679968,623,France,Male,40,5,118788.57,1,1,0,192867.4,0,0,0.4431543576884958
15612455,549,Germany,Male,45,6,124240.93,1,1,1,146372.51,0,1,0.7673243150490808
15668679,630,France,Male,31,0,0.0,2,1,1,34475.14,0,0,0.11664790820893192
15663312,494,France,Female,35,9,112727.06,2,1,0,183752.91,0,0,0.29704249664877236
15740237,671,Germany,Male,36,2,116695.27,1,0,0,193201.86,0,0,0.5767295768968155
15781619,785,France,Female,38,1,0.0,1,1,0,134964.85,1,0,0.47709221610104563
15696733,724,France,Male,29,4,0.0,1,1,0,8982.75,0,0,0.3513458522482365
15774250,532,France,Male,42,1,159024.71,1,1,0,100982.93,1,0,0.588139657073063
15621818,747,Germany,Male,29,7,117726.33,1,1,1,175398.34,0,0,0.39675592208684385
15665077,598,France,Female,43,5,0.0,3,1,1,100722.72,1,1,0.823957717925315
15690332,647,Germany,Male,35,3,192407.97,1,1,1,40145.28,0,0,0.31744838425206123
15791501,590,France,Male,43,8,0.0,2,1,1,143628.31,0,0,0.20487517988795007
15788291,713,Germany,Female,38,7,144606.22,1,1,1,56594.36,1,0,0.5489823563867708
15615140,791,France,Male,36,6,111168.97,1,1,1,189969.91,0,0,0.21196797842770265
15694395,620,France,Female,29,1,138740.24,2,0,0,154700.61,0,0,0.2528833537028353
15713426,637,Germany,Male,30,1,122185.53,1,1,0,102566.46,1,0,0.5263673756602736
15675422,544,France,Female,32,9,110728.39,1,1,1,14559.62,0,0,0.2479714201993146
15595067,637,Spain,Female,40,6,0.0,2,1,1,181610.6,0,0,0.20803289212938858
15738889,658,France,Male,42,8,102870.93,1,0,1,103764.55,1,0,0.3827706317487813
15610446,714,France,Female,51,4,88308.87,3,0,0,5862.53,1,1,0.9061389711362378
15591360,642,France,Female,33,4,84607.34,2,0,1,60059.47,0,0,0.1546078585967083
15637891,613,Germany,Female,43,4,140681.68,1,0,1,20134.07,0,1,0.7885570886187842
15567246,684,Germany,Male,32,3,102630.13,2,1,1,127433.47,0,0,0.17264883531445793
15727944,701,Germany,Female,48,1,92072.68,1,1,1,133992.36,0,1,0.7351542970622422
15752731,615,France,Female,30,9,0.0,1,1,0,87347.82,0,0,0.3984861405527402
15635097,599,Germany,Male,39,2,188976.89,2,0,1,176142.09,0,0,0.1755824835820265
15813144,554,France,Female,26,7,92606.86,2,1,0,192709.69,0,0,0.23864552991468643
15782418,589,Germany,Female,19,9,83495.11,1,1,1,143022.31,1,0,0.2495474773913088
15568469,653,France,Male,43,0,0.0,2,1,0,27862.58,0,0,0.24460980795781512
15639322,633,Spain,Male,33,4,137847.41,2,1,0,98349.13,0,0,0.20285670758173158
15626044,762,Germany,Male,28,3,125155.83,2,1,1,106024.02,0,0,0.21312555031722916
15596379,743,Germany,Male,39,3,119695.75,1,0,1,26136.13,0,0,0.5598036206070216
15635078,714,Spain,Male,45,0,124693.48,1,0,1,187194.15,0,0,0.46203289884837223
15658693,827,France,Female,60,2,0.0,2,0,1,60615.83,0,0,0.302805831396393
15700854,595,Spain,Male,35,8,0.0,1,1,0,100015.79,1,0,0.412225364672477
15774872,663,France,Male,36,10,0.0,2,1,0,136349.55,0,0,0.0990594338685518
15778089,544,Spain,Male,37,2,0.0,2,0,0,135067.02,0,0,0.1071516991400268
15714355,775,Germany,Male,32,8,121669.23,1,0,1,125898.39,0,0,0.44556155427857286
15763579,702,Germany,Female,36,2,105264.88,2,1,1,52909.87,0,0,0.28557530846012535
15645269,583,France,Female,42,4,0.0,2,1,0,17439.66,0,0,0.271045566381669
15815552,670,France,Female,42,6,112333.63,1,1,1,65706.86,0,0,0.45923590850619517
15661162,526,Spain,Male,49,2,0.0,1,1,0,114539.67,1,1,0.8198830571464804
15758136,778,France,Male,37,3,141803.77,1,0,1,179421.84,0,0,0.23862856265404225
15792660,614,France,Male,38,2,116248.88,1,1,0,105140.92,0,0,0.35220908713974064
15569678,561,Germany,Male,32,6,166824.59,1,1,0,139451.98,0,0,0.3879702509073307
15704315,556,France,Male,34,8,163757.06,1,1,1,104000.06,0,0,0.21709466882421113
15592914,683,France,Female,29,9,0.0,2,1,1,48849.89,0,0,0.12128382160894452
15566633,698,Germany,Male,55,8,155059.1,2,1,1,144584.29,0,0,0.505249573188778
15680611,663,France,Male,67,9,0.0,3,1,1,72318.77,0,0,0.536862028411241
15656937,468,Spain,Male,26,1,131643.25,1,1,0,64436.16,0,0,0.3042226590144968
15741728,591,Spain,Male,36,7,135216.8,1,1,1,122022.89,0,0,0.22549825944498547
15690829,430,Germany,Male,49,3,137115.16,1,1,0,146516.86,1,1,0.8448287618096577
15763218,661,France,Female,41,1,0.0,2,0,1,131300.68,0,0,0.26967259368346114
15792365,501,France,Male,44,4,142051.07,2,0,1,74940.5,0,0,0.4327547673568667
15610416,745,France,Female,36,9,0.0,1,1,0,19605.18,1,0,0.43468065427092667
15648858,666,France,Female,27,1,85225.21,1,0,1,64511.44,0,0,0.20931802638788322
15623107,686,Spain,Male,45,3,74274.87,3,1,0,64907.48,1,1,0.8270827801326064
15805303,661,Germany,Male,44,1,141136.62,1,1,0,189742.78,1,1,0.842427348204072
15661734,608,Germany,Male,42,8,131390.75,2,1,0,71178.09,0,0,0.39985575891104685
15769980,705,Germany,Female,40,3,92889.91,1,1,1,109496.69,0,0,0.5760744974767886
15775662,760,France,Male,43,8,121911.59,1,1,0,193312.33,0,1,0.6032702434634811
15577514,698,Germany,Female,36,7,121263.62,1,1,1,13387.88,0,0,0.5771207825351791
15714981,476,France,Male,37,4,0.0,1,1,1,55775.84,1,0,0.3664257767505012
15744622,822,France,Male,32,8,116358.0,1,1,0,108798.36,0,0,0.2897093415648755
15733973,850,France,Female,42,8,0.0,1,1,0,19632.64,1,1,0.6578542033272258
15581968,745,France,Female,33,1,0.0,2,1,1,174431.01,0,0,0.12054847737238901
15776518,579,France,Female,38,4,175739.36,1,1,1,193130.55,0,0,0.38683855157684816
15765487,753,Germany,Female,38,9,151766.71,1,1,1,180829.99,0,0,0.4651065555177578
15769402,667,France,Male,27,7,156811.74,1,1,1,149402.59,0,0,0.19068552532927135
15805955,638,France,Female,48,10,138333.03,1,1,1,47679.14,0,0,0.570048322883968
15638231,730,Spain,Female,62,2,0.0,2,1,1,162889.1,0,0,0.2578262783569763
15773731,758,Spain,Female,35,5,0.0,2,0,0,100365.51,0,0,0.13298524189511046
15793343,549,France,Female,29,8,0.0,2,1,1,189558.44,0,0,0.11521875980693974
15778752,708,France,Male,32,10,86614.06,2,1,1,172129.26,0,0,0.11512437878557966
15762332,568,Germany,Female,31,1,61592.14,2,1,1,61796.64,0,0,0.10407536542788912
15584704,519,France,Male,48,10,71083.98,1,1,0,137959.0,0,1,0.7762553105399878
15627741,631,Germany,Female,29,2,96863.52,2,1,1,31613.35,0,0,0.17174295736113654
15649129,757,France,Male,32,9,0.0,2,1,0,115950.96,0,0,0.08164487692673877
15682757,734,France,Male,30,3,0.0,2,1,0,107640.25,0,0,0.09111470564150577
15667215,678,France,Male,31,2,0.0,2,1,1,58803.28,0,0,0.0730271984120245
15606641,762,Germany,Male,56,10,100260.88,3,1,1,77142.42,1,1,0.8452846103303804
15684171,660,Spain,Female,61,5,155931.11,1,1,1,158338.39,0,0,0.5576132762092093
15797665,730,France,Female,27,7,0.0,2,1,0,144099.48,0,0,0.1316936954966685
15792388,645,France,Female,48,7,90612.34,1,1,1,149139.13,0,1,0.608727291352801
15585388,660,Germany,Male,31,9,125189.75,2,1,1,139874.43,0,0,0.2001793302092561
15708162,565,Germany,Female,40,1,89994.71,2,0,1,121084.27,0,0,0.3785146714271552
15734886,686,France,Female,34,3,123971.51,2,1,0,147794.63,0,0,0.2713729871422855
15804038,740,France,Male,44,9,0.0,1,0,1,96528.0,1,0,0.46816958668180925
15762821,721,Spain,Male,33,5,0.0,2,0,1,117626.9,0,0,0.06407500267026334
15611599,604,France,Female,71,2,0.0,2,1,1,49506.82,0,0,0.13746565487264506
15707602,539,France,Female,47,2,127286.04,2,1,1,166929.43,1,0,0.5433232493018454
15814033,759,Spain,Male,38,1,0.0,2,1,0,20778.39,0,0,0.09543665560044584
15763415,567,Germany,Male,41,0,134378.89,1,1,1,105746.94,0,0,0.5998357647643091
15643392,742,France,Male,31,4,105239.1,1,1,1,19700.24,0,0,0.17788045925885826
15782569,687,France,Female,72,9,0.0,1,0,1,69829.4,0,0,0.3140434529491525
15659820,614,France,Female,34,5,0.0,2,1,0,185561.89,0,0,0.14626804309121452
15723864,828,Spain,Male,47,1,109876.82,2,1,0,83611.45,1,0,0.5380157901432062
15801169,764,Germany,Female,39,9,138341.51,1,1,0,50072.94,1,1,0.6814292508644907
15763874,635,Spain,Male,46,8,0.0,2,1,1,60739.16,0,0,0.21572462948696827
15617476,546,France,Female,30,5,0.0,2,0,1,198543.09,0,0,0.11774904045972356
15755209,484,Spain,Female,35,7,133868.21,1,1,1,27286.1,0,0,0.2602821414679202
15652658,721,France,Male,36,1,155176.83,2,1,1,49653.37,0,0,0.16336167409153024
15757829,609,Germany,Female,40,10,137389.77,2,1,0,170122.22,0,0,0.42961019164589737
15760085,684,Germany,Female,48,10,126384.42,1,1,1,198129.36,0,1,0.635001119600995
15716186,586,France,Female,38,2,0.0,2,1,0,87168.46,0,0,0.2040479490866834
15766746,835,France,Male,35,6,127120.07,1,1,0,28707.69,0,0,0.3247145151436868
15809999,709,France,Female,41,3,150300.65,2,1,0,71672.86,0,0,0.36773003598616927
15720123,554,Spain,Male,37,3,0.0,2,1,0,166177.3,0,0,0.10656488546516531
15707637,765,France,Female,56,1,0.0,1,1,0,13228.93,1,1,0.8948232605974584
15576077,610,France,Female,27,9,159561.93,1,0,1,103381.47,0,0,0.2637930905687867
15667971,592,Germany,Female,34,6,102143.93,2,1,1,102628.98,0,0,0.2321154591274907
15793197,676,France,Female,34,8,100359.54,1,0,0,46038.28,0,0,0.34879606786650647
15748123,613,France,Male,20,3,0.0,2,1,1,149613.77,0,0,0.06745181612176493
15774536,607,France,Female,32,6,0.0,2,0,0,196062.01,0,0,0.14521346754918027
15793478,593,Germany,Female,39,8,151391.68,1,1,0,27274.6,1,0,0.5934811152414107
15575676,638,France,Male,24,1,0.0,2,0,1,162597.15,0,0,0.059352693116179106
15638989,711,France,Female,25,5,190066.54,1,0,0,51345.39,1,0,0.4663326771714841
15738605,634,Germany,Female,46,5,123642.36,1,1,1,49725.16,1,1,0.8039397176354783
15715160,439,France,Male,36,2,165536.28,2,1,1,123956.83,0,0,0.18809183942585073
15617065,650,Spain,Male,42,4,194532.66,1,1,0,171045.31,1,1,0.6275508326550586
15766906,742,France,Female,25,4,132116.13,2,1,0,129933.5,0,0,0.2540926028023526
15585892,639,France,Female,35,8,0.0,1,0,0,164453.98,0,0,0.4677038015015221
15627971,504,France,Female,32,8,206663.75,1,0,0,16281.94,0,0,0.39148193042435103
15725767,701,France,Male,23,3,0.0,2,1,0,38960.59,0,0,0.0805945298726351
15690731,645,France,Male,40,6,131411.24,1,1,1,194656.11,0,0,0.3255489001583045
15769781,699,Spain,Female,25,8,0.0,2,1,1,52404.47,0,0,0.11175538352791708
15724423,571,France,Female,38,6,107193.82,2,0,0,38962.94,0,0,0.29789889005860926
15608230,667,France,Male,23,1,0.0,2,1,0,91573.19,0,0,0.07384958619402442
15687171,638,Spain,Male,34,5,146679.77,1,1,0,102179.86,0,0,0.32665801578160614
15761497,713,Spain,Female,48,1,163760.82,1,0,0,157381.14,1,1,0.7865923316239996
15656188,584,Spain,Female,30,5,0.0,2,1,1,185201.58,0,0,0.11977821517671233
15795963,687,France,Male,34,7,129895.19,1,0,1,28698.17,0,0,0.19011192357409917
15656865,613,Germany,Male,69,9,78778.49,1,0,1,8751.59,0,0,0.34454286473363466
15653110,694,France,Male,42,8,133767.19,1,1,0,36405.21,0,0,0.5475723610563414
15681327,682,France,Male,30,9,0.0,2,1,1,2053.42,0,0,0.06381315643951746
15760521,796,France,Female,50,1,94164.0,1,1,1,189414.74,0,0,0.5984962773012705
15779809,655,France,Male,44,8,87471.63,1,0,1,188593.98,0,0,0.4443515084782967
15696812,586,Spain,Male,42,6,0.0,2,1,1,123410.23,0,0,0.14528777409821747
15613734,640,France,Female,33,6,84719.13,2,1,1,113048.79,0,0,0.15172770407915254
15664083,666,Germany,Female,37,2,158468.76,1,0,1,93266.01,0,0,0.4003186834724042
15676091,543,France,Male,42,7,0.0,1,1,1,56650.47,0,0,0.44110479599116004
15607269,492,Germany,Female,49,2,151249.45,2,1,1,167237.94,0,0,0.5993880871793626
15605279,792,France,Male,50,9,0.0,4,1,1,194700.81,1,1,0.7620867344216754
15645896,646,Germany,Male,39,6,121681.91,2,0,1,61793.47,0,0,0.30659100316900123
15618225,741,Germany,Male,36,8,116993.43,2,1,0,168816.22,0,0,0.3341750245843525
15668958,521,France,Male,30,2,107316.09,1,1,0,64299.82,0,0,0.2794302128413754
15616088,782,France,Female,70,7,97072.42,1,0,1,131177.22,0,0,0.31720595336400753
15782608,743,France,Male,43,5,0.0,2,0,0,113079.19,1,0,0.25223856951693796
15699797,737,France,Male,30,8,174356.13,1,0,0,31928.5,0,0,0.32342250687897467
15758372,674,France,Male,18,7,0.0,2,1,1,55753.12,1,0,0.06674083135038889
15658852,676,France,Male,38,8,0.0,2,1,1,133692.88,0,0,0.0810342841518422
15734970,835,Spain,Male,38,7,86824.09,1,0,0,175905.97,0,0,0.3620292540047889
15664849,573,Spain,Male,46,3,65269.23,1,0,1,189988.65,1,0,0.5842357924218876
15569247,727,Spain,Female,57,1,109679.72,1,0,1,753.37,0,0,0.5198380357154903
15807239,664,France,Female,34,7,93920.47,1,0,0,179913.98,0,0,0.38073935413599336
15629739,621,Germany,Female,31,8,100375.39,1,1,1,90384.26,0,0,0.43103086149655034
15619016,660,Germany,Male,46,5,109019.65,2,1,1,33680.56,0,0,0.5983037398942246
15737605,531,Spain,Female,45,1,126495.57,2,1,1,164741.5,0,0,0.5199088833837614
15625824,596,Spain,Male,30,6,121345.88,4,1,0,41921.75,1,1,0.7698968521413889
15639368,732,France,Male,25,0,110942.9,1,0,0,172576.56,0,0,0.25709378538331806
15568328,488,France,Female,22,6,0.0,2,1,1,66393.89,0,0,0.09823556752103707
15674573,713,France,Female,25,4,121172.97,1,1,1,56268.98,0,0,0.21845051970845306
15675185,697,Germany,Female,48,2,108128.96,2,1,1,103944.37,0,1,0.6548330701773017
15716608,651,Spain,Male,38,2,0.0,3,1,0,67029.82,1,0,0.5683981088412828
15624866,658,Germany,Male,37,3,168735.74,2,0,0,70370.24,0,0,0.26816500054230713
15600792,613,Spain,Male,29,0,0.0,2,0,1,133897.32,0,0,0.09299501866896662
15781307,779,Germany,Male,37,7,120092.52,2,1,0,135925.72,0,0,0.3623922148370307
15595324,579,Germany,Female,39,5,117833.3,3,0,0,5831.0,1,1,0.8431969949768594
15636330,588,Germany,Female,48,1,143279.58,2,1,0,31580.8,1,1,0.7230410206193365
15809736,664,France,Male,46,2,0.0,1,1,1,177423.02,1,0,0.5997787921890331
15737310,633,France,Male,29,10,130206.28,1,1,0,184654.87,0,0,0.2599863835102339
15632050,779,France,Female,41,10,99786.2,1,1,0,86927.53,0,0,0.5468475448300264
15734628,623,France,Female,35,5,0.0,2,1,0,101192.08,0,0,0.15323001640610745
15727556,744,Spain,Female,26,5,166297.89,1,1,1,181694.44,0,0,0.31499499638411654
15704597,644,France,Male,33,7,174571.36,1,0,1,43943.09,0,0,0.21878554573778494
15682211,467,France,Male,57,1,0.0,2,1,1,114448.77,0,0,0.3482207412272688
15611371,736,France,Male,43,4,176134.54,1,1,1,52856.88,0,0,0.4816402671477318
15720338,592,Spain,Male,55,8,85845.43,2,1,1,128918.42,0,0,0.4090524560212727
15716518,617,France,Female,27,4,0.0,2,0,0,190269.21,0,0,0.12535387633313008
15572428,717,Germany,Female,33,0,115777.23,1,1,1,81508.1,0,0,0.47228415581628364
15813422,781,Spain,Male,35,4,80790.74,1,1,0,116429.51,0,0,0.31376494620526185
15799435,619,Spain,Male,34,1,0.0,1,1,0,139919.38,0,0,0.4042445072853526
15778604,571,France,Female,47,7,0.0,2,0,0,112366.98,0,0,0.45523573066059275
15677020,570,France,Female,58,8,0.0,1,0,1,116503.92,1,1,0.6301876846452238
15745030,809,Germany,Male,41,1,79706.25,2,1,0,165675.01,0,0,0.2341850382525527
15604314,703,Germany,Female,26,1,97331.19,1,1,0,63717.49,0,0,0.49100487265300413
15790678,475,France,Female,32,8,119023.28,1,1,0,100816.29,0,0,0.3380598881972437
15763704,692,Germany,Female,43,2,69014.49,2,0,0,164621.43,0,0,0.4033670764014729
15806332,484,Spain,Female,39,5,0.0,2,1,1,175224.12,0,0,0.1852247751169086
15754649,705,Spain,Female,57,3,0.0,2,1,1,34134.14,0,0,0.2840607461086493
15614847,674,France,Female,45,6,72494.69,1,0,1,140041.78,0,0,0.5930170172558857
15638871,639,France,Male,77,6,80926.02,2,1,1,55829.25,0,0,0.18600808587422155
15699963,571,France,Male,38,1,121405.04,1,1,1,154844.22,0,0,0.2571558991748677
15605791,524,Germany,Male,29,9,144287.6,2,1,0,32063.3,0,0,0.26713903042463
15732113,671,Spain,Male,50,8,0.0,1,0,1,2560.11,0,0,0.5196946403742289
15780572,653,Spain,Male,30,4,0.0,2,1,0,120736.04,0,0,0.07873538999930471
15662151,554,France,Male,40,4,0.0,1,0,1,168780.04,0,0,0.42970520172465504
15711750,711,France,Female,34,6,0.0,2,1,1,175310.38,0,0,0.1135288681502192
15677052,589,France,Female,59,2,0.0,2,1,1,126160.24,1,0,0.3272075556651115
15621267,637,France,Male,32,5,0.0,1,0,0,148769.08,0,0,0.3843877080747105
15650538,445,Germany,Female,48,7,168286.58,1,1,0,16645.77,1,1,0.8002964148619366
15643158,598,France,Female,40,9,0.0,1,1,0,68462.59,1,1,0.6046027099788743
15647266,651,Spain,Female,45,10,135923.16,1,1,0,18732.84,0,1,0.6653867389976311
15682528,572,France,Male,33,5,0.0,1,0,1,41139.05,0,0,0.30975038601384897
15715142,739,Germany,Male,45,7,102703.62,1,0,1,147802.94,1,1,0.7823961872773537
15754267,697,Germany,Male,31,3,108805.42,2,0,1,123825.83,0,0,0.21893234169670456
15578788,786,Spain,Male,40,6,0.0,2,0,0,41248.8,0,0,0.10796150041117374
15794868,599,Germany,Male,40,10,137456.28,2,1,1,14113.11,0,0,0.3001453569127472
15720508,735,France,Male,31,3,119558.35,1,0,0,72927.68,0,0,0.2826718100084376
15750335,850,Germany,Male,43,0,108508.82,3,1,0,184044.8,1,1,0.8001462630455792
15693543,708,France,Female,33,8,0.0,2,0,1,15246.83,0,0,0.1320179605676843
15621021,687,Spain,Female,40,1,0.0,2,1,0,8207.36,0,0,0.21308281976834945
15599078,619,Germany,Female,41,5,92467.58,1,1,0,38270.47,0,1,0.6408717864527828
15571973,776,France,Female,38,2,169824.46,1,1,0,169291.7,0,0,0.4815968689740707
15616525,720,Spain,Male,31,4,141356.47,1,0,0,137985.69,0,0,0.29138000454994917
15778005,785,France,Female,39,1,130147.98,1,1,0,163798.41,1,0,0.4480365652589201
15793813,774,France,Male,36,7,103688.19,1,0,1,118971.74,0,0,0.18728755926247295
15692430,699,Germany,Male,36,2,123601.56,2,1,0,103557.85,0,0,0.30831270577224956
15794297,776,France,Male,36,1,0.0,2,1,0,53477.76,0,0,0.08043617162316231
15706899,559,France,Male,34,4,0.0,2,1,1,66721.98,0,0,0.07491169970089076
15805627,670,France,Male,37,2,0.0,2,1,1,54229.74,0,0,0.085558993180733
15711455,740,Germany,Female,36,4,109044.6,1,0,0,94554.74,1,1,0.6096698858874935
15574743,577,Spain,Male,29,2,0.0,1,1,1,168924.41,0,0,0.3292931503031483
15566295,761,France,Female,33,6,138053.79,2,1,0,148779.41,0,0,0.2457437355416408
15720110,795,France,Male,32,2,117265.21,1,1,1,198317.23,0,0,0.1910467297262684
15786392,765,France,Male,41,4,124182.21,1,0,0,100153.43,0,0,0.44278342051735925
15673238,517,Germany,Female,59,8,154110.99,2,1,0,101240.08,1,1,0.7420038600749302
15659092,621,France,Female,50,5,0.0,2,1,0,191756.54,1,0,0.42043507177115236
15688085,627,Spain,Female,28,3,157597.61,1,0,1,34097.22,0,0,0.2557950626062795
15615032,624,Spain,Male,46,3,0.0,2,1,1,62825.03,0,0,0.21823880459694675
15799815,656,Germany,Female,23,4,163549.63,1,0,1,21085.12,0,0,0.33276597580547024
15764604,586,France,Female,35,7,164769.02,3,1,0,119814.25,1,1,0.8693935281524441
15775318,590,Spain,Female,51,3,154962.99,3,0,1,191932.27,1,1,0.8752243064865446
15581479,523,France,Male,30,1,83181.29,1,1,1,138176.78,0,0,0.16211122597473238
15715796,728,France,Male,37,0,0.0,2,1,1,72203.8,0,0,0.09296289186585514
15607040,593,Spain,Female,38,4,88736.44,2,1,0,67020.03,0,0,0.3164194972452768
15706365,648,France,Female,50,9,102535.57,1,1,1,189543.19,0,1,0.6095689152597182
15690678,530,France,Female,33,4,129307.32,1,1,1,172930.28,0,0,0.30200717752982875
15619436,700,France,Female,32,3,0.0,1,0,0,95740.37,0,0,0.43465228553906543
15800366,546,France,Male,29,5,0.0,1,1,1,94823.95,0,0,0.28398985997829385
15767231,757,France,Male,36,7,144852.06,1,0,0,130861.95,0,0,0.3227550457543096
15759284,750,France,Female,37,6,0.0,1,1,1,117948.0,1,0,0.2718827569558351
15745001,683,Spain,Female,36,7,0.0,2,1,0,104786.59,0,0,0.15748719217088106
15631838,606,France,Male,61,5,108166.09,2,0,1,8643.21,0,0,0.40312373550015096
15568238,650,Spain,Male,20,8,0.0,2,1,1,113469.65,0,0,0.06448036403400975
15776211,678,France,Female,34,6,0.0,2,1,1,124592.84,0,0,0.11400554402463127
15637979,664,Germany,Female,36,2,127160.78,2,1,0,78140.75,0,0,0.3633324702242892
15569098,627,France,Male,44,6,153548.12,1,0,0,35300.08,1,1,0.611272581504344
15638159,649,Spain,Female,36,6,86607.39,1,0,0,19825.09,0,0,0.39832669892074773
15596800,779,Germany,Male,33,1,158456.76,1,1,1,197000.92,1,0,0.28860991498628263
15677796,766,Germany,Male,47,9,129289.98,1,1,0,169935.46,1,1,0.8870025682239934
15668886,684,Spain,Female,38,3,0.0,2,1,0,44255.65,0,0,0.18821882914159221
15643378,744,France,Male,42,1,112419.92,1,1,1,83022.92,0,0,0.3513064930518434
15808526,783,Germany,Female,58,3,127539.3,1,1,1,96590.39,1,1,0.7660178874633907
15645136,744,Spain,Male,30,1,128065.12,1,1,0,121525.48,0,0,0.32462173203427164
15719348,513,France,Male,35,8,0.0,1,1,0,76640.29,1,0,0.37559637240517524
15681887,758,Germany,Male,33,0,129142.54,2,1,1,26606.28,0,0,0.24104704916508357
15633419,622,Germany,Female,28,1,143124.63,2,1,0,81723.8,0,0,0.2677196944673488
15811290,680,Germany,Male,44,0,129974.79,2,1,1,33391.38,0,0,0.5597412336393119
15710053,667,Germany,Female,44,5,140406.68,2,0,1,57164.19,0,0,0.5628652526051466
15720745,635,Spain,Male,24,4,140197.18,1,1,1,142935.83,0,0,0.20220004362885366
15653620,546,France,Female,27,8,0.0,2,1,1,14858.1,0,0,0.11278879528193682
15616168,610,France,Female,35,7,81905.95,1,1,1,61623.19,0,0,0.25376287260240743
15795895,678,Germany,Male,36,1,117864.85,2,1,0,27619.06,0,0,0.31118661342670273
15802220,599,Spain,Male,35,6,137102.65,1,0,0,76870.81,0,0,0.2958982809149655
15711181,589,France,Female,50,4,0.0,2,0,1,182076.97,0,0,0.3845469593680455
15576304,698,France,Male,29,5,95167.55,1,1,1,152723.23,0,0,0.18466590266746455
15595842,748,Germany,Male,45,2,119852.01,1,0,0,73853.94,1,1,0.8713903196312193
15747323,535,Spain,Male,48,9,109472.47,1,1,0,157358.43,1,1,0.7315691805812538
15647842,601,Germany,Female,48,8,120782.7,1,1,0,63940.68,1,1,0.9198100047078535
15741865,810,France,Female,38,9,153166.17,1,1,1,93261.69,0,0,0.2730028765642803
15662091,570,Spain,Male,21,7,116099.82,1,1,1,148087.62,0,0,0.2089928364030306
15794874,696,Spain,Male,41,9,127523.75,1,0,1,191417.42,0,0,0.2852395741954161
15624519,656,Germany,Female,49,9,97092.87,1,1,0,74771.22,1,1,0.9055712754709081
15638751,838,Spain,Female,41,5,0.0,2,1,0,81313.51,0,0,0.21066278225970053
15702095,585,Spain,Female,56,1,128472.8,1,1,0,186476.91,1,1,0.8196422370954808
15630241,594,France,Male,61,3,62391.22,1,1,1,192434.11,0,0,0.5279158981121238
15717290,688,Germany,Male,41,2,112871.19,2,0,1,65520.74,0,0,0.34520026289215017
15789379,762,France,Male,26,6,130428.78,1,1,0,173365.89,0,0,0.2926616201573411
15753549,669,France,Male,25,1,157848.53,1,0,0,37543.93,1,0,0.28785845145993383
15653715,602,France,Female,63,7,0.0,2,1,1,56323.21,0,0,0.23828932319745633
15732437,504,Germany,Female,44,0,131873.07,2,1,1,158036.72,1,1,0.6186509049103597
15729412,682,France,Male,38,4,107192.38,1,1,1,15669.17,0,0,0.25701778527180513
15629078,850,Germany,Female,45,5,127258.79,1,1,1,192744.23,1,1,0.6610537892675445
15722991,567,France,Male,54,9,96402.96,1,0,0,52035.29,1,1,0.8172332209555014
15597968,617,Spain,Male,50,7,0.0,1,1,0,184839.7,1,1,0.8009367506176491
15609637,652,France,Male,51,7,0.0,2,0,1,43496.36,0,0,0.24304036825509912
15609558,835,Germany,Female,47,5,108289.28,2,1,1,45859.55,1,0,0.5424075071616149
15726354,688,France,Female,32,6,123157.95,1,1,0,172531.23,0,0,0.3687133946651482
15701333,646,France,Female,37,7,96558.66,1,0,0,163427.18,0,0,0.39819931527726204
15626898,743,France,Male,30,7,77599.23,1,0,0,144407.1,0,0,0.28323298091949445
15671387,507,France,Female,29,4,89349.47,2,0,0,180626.68,0,0,0.24748821493491513
15632143,652,France,Male,31,2,119148.55,1,0,0,149740.22,0,0,0.2542685995966507
15702293,588,Spain,Female,35,7,0.0,2,1,1,108739.15,0,0,0.12856549268162556
15583033,640,France,Female,20,4,0.0,2,0,1,78310.82,0,0,0.10522183029898725
15657228,545,Germany,Male,37,9,95829.13,2,0,1,104936.88,0,0,0.1958387120193735
15668309,350,France,Female,40,0,111098.85,1,1,1,172321.21,1,0,0.4868293767477057
15745452,651,Germany,Male,41,1,90218.11,1,1,0,174337.68,0,1,0.6163014373008104
15672374,672,France,Male,52,8,170008.84,1,0,0,56407.42,1,1,0.8284047468394357
15746726,438,Germany,Male,31,8,78398.69,1,1,0,44937.01,0,0,0.3720614245965486
15740846,556,France,Male,40,5,125909.85,1,1,1,95124.4,0,0,0.32127633636402264
15804211,719,France,Male,36,3,155423.17,1,1,1,199841.32,0,0,0.2406797786546021
15657085,578,France,Male,23,10,88980.32,1,1,1,125222.36,0,0,0.17358725903503733
15699047,674,France,Female,21,9,120150.39,2,1,1,33964.03,0,0,0.17778633846748054
15675983,692,France,Female,36,3,79551.12,1,0,1,178267.07,0,0,0.3496947618979753
15788483,719,Spain,Male,38,0,0.0,1,1,0,126876.47,0,0,0.43421286572975204
15612207,840,Germany,Female,51,1,87779.83,1,0,1,36687.11,1,1,0.678114978040434
15603743,526,France,Male,28,1,112070.44,1,0,1,126281.83,0,0,0.17756731360933123
15752081,468,France,Female,56,10,0.0,3,0,1,62256.87,1,1,0.7767527004360215
15724154,625,Germany,Female,49,4,128504.76,1,1,0,126812.63,1,1,0.9142873346383221
15707011,495,France,Male,47,10,137682.68,1,1,0,71071.47,0,1,0.7385933341560341
15586914,659,France,Male,36,6,123841.49,2,1,0,96833.0,0,0,0.221999815808608
15578006,787,France,Female,85,10,0.0,2,1,1,116537.96,0,0,0.1716911122143375
15755638,673,France,Female,43,5,168069.73,1,1,1,146992.24,1,0,0.5426570781664783
15664001,695,Germany,Female,53,8,95231.91,1,0,0,70140.8,1,1,0.9078797823060307
15567778,690,Germany,Female,54,1,144027.8,1,1,1,108731.02,1,1,0.7839178412236785
15677921,720,Germany,Male,60,9,115920.62,2,0,0,157552.08,1,1,0.75451521621738
15813067,432,Germany,Female,45,3,110219.14,1,1,0,43046.7,1,1,0.856779867159404
15699619,641,France,Male,31,10,155978.17,1,1,0,91510.71,0,0,0.29210158259476626
15729582,676,Germany,Male,48,3,80697.44,1,0,0,101397.86,0,1,0.7998140207611805
15743714,468,France,Male,46,7,91443.75,1,1,0,10958.18,0,1,0.7094460586166734
15653696,515,France,Female,28,9,0.0,2,0,0,94141.75,0,0,0.1192000080963847
15659355,671,Spain,Male,32,6,123912.78,2,1,1,146636.44,0,0,0.11488450841122991
15685500,772,Germany,Male,26,7,152400.51,2,1,0,79414.0,0,0,0.20531929248382455
15757628,571,France,Male,40,10,112896.86,1,1,1,121402.53,0,0,0.30759869614525476
15583668,726,France,Female,42,2,109471.79,1,0,1,175161.05,0,0,0.484803182041799
15607753,606,Spain,Female,23,10,70417.79,1,0,1,90896.04,0,0,0.2910522190009737
15741417,624,Spain,Female,35,7,119656.45,2,1,1,4595.05,0,0,0.24110405314731287
15679818,636,Germany,Male,67,7,136709.35,1,0,1,66753.1,1,0,0.5896352907847257
15764335,463,Germany,Female,41,8,123151.51,2,1,0,70127.93,0,0,0.4227846622120832
15638610,635,Germany,Female,65,5,117325.54,1,1,0,155799.86,1,1,0.9134377808339122
15810775,576,Spain,Male,52,2,100549.43,2,1,1,16644.16,0,0,0.4419098941064236
15813113,795,Spain,Female,56,5,0.0,1,1,0,35418.69,1,1,0.9029839484123429
15634896,521,France,Female,39,6,0.0,2,0,1,27375.15,0,0,0.20807838869190132
15742681,554,Germany,Male,26,4,121365.39,1,1,1,8742.36,0,0,0.37502605593219307
15665861,733,Spain,Male,44,3,106070.89,1,0,1,101617.43,0,0,0.45132100866208463
15760216,718,France,Female,49,10,0.0,1,1,0,184474.72,1,1,0.8399031694225252
15632609,554,France,Female,39,10,160132.75,1,1,0,32824.15,0,0,0.5019266418180126
15684722,490,France,Male,34,5,122952.9,2,0,0,154360.97,0,0,0.18028365758094705
15800228,652,Spain,Female,42,4,0.0,2,1,1,38152.01,0,0,0.23428174982725333
15724099,674,France,Male,26,6,166257.96,1,1,1,149369.41,0,0,0.2057245892732925
15736271,498,France,Female,29,9,0.0,1,1,0,190035.83,0,0,0.4240059223956936
15767626,811,France,Male,42,10,0.0,2,1,1,3797.79,0,0,0.17435986069070875
15743760,850,France,Male,31,6,131996.66,2,1,1,178747.43,0,0,0.11365269253058718
15734999,634,Spain,Male,36,2,85996.19,1,1,0,15887.68,0,0,0.3293392086061895
15794276,588,France,Female,64,3,0.0,1,1,1,189703.65,0,0,0.5360430631458502
15637876,663,Germany,Female,36,6,77253.5,1,0,0,35817.97,1,0,0.3791793808505903
15711521,609,France,Male,39,3,121778.71,1,1,1,138399.67,0,0,0.2824666660858935
15640409,817,Germany,Female,46,0,89087.89,1,0,1,87941.85,1,1,0.7038277481852673
15809347,763,Germany,Male,32,9,160680.41,1,1,0,30886.35,0,0,0.48178597079777147
15790846,634,Germany,Male,38,2,148430.55,1,1,1,56055.72,0,0,0.4621164658888247
15579892,708,Spain,Male,19,7,112615.86,1,1,1,4491.77,0,0,0.193667487564181
15596011,529,Spain,Male,34,9,0.0,1,1,1,93208.22,0,0,0.313466998101504
15713483,793,Spain,Male,52,2,0.0,1,1,0,159123.82,1,1,0.8799962511890231
15650244,786,Spain,Male,29,7,80895.44,2,1,0,64945.57,0,0,0.13991857268069846
15814940,642,Spain,Female,33,9,0.0,2,1,1,150475.14,0,0,0.14111111669842297
15642162,603,Germany,Male,35,1,123407.69,1,1,0,152541.89,1,0,0.5371590718902883
15716800,582,France,Male,31,2,0.0,2,1,1,33747.03,0,0,0.07231646410862838
15649183,598,Spain,Female,35,8,0.0,3,0,1,88658.73,0,0,0.5776974615835051
15786153,644,Germany,Male,47,9,137774.11,2,1,0,151902.78,0,1,0.7013273380350862
15612627,627,Germany,Male,29,5,139541.58,2,1,0,80607.33,0,0,0.26359759946762606
15567893,556,Germany,Male,33,3,124213.36,2,1,0,62627.55,0,0,0.30107673650517536
15702806,696,Spain,Male,24,9,0.0,1,0,0,10883.52,0,0,0.3444624635586128
15710316,454,Spain,Female,48,5,144837.79,1,1,1,93151.77,0,0,0.5746491860480224
15659949,850,France,Male,31,1,96399.31,2,1,0,106534.15,0,0,0.1488483948020905
15776096,606,Spain,Male,34,3,161572.24,1,0,1,191076.22,0,0,0.27640748175332236
15801256,746,Spain,Male,49,7,0.0,2,0,1,10096.25,0,0,0.23195221283817624
15769522,734,France,Male,51,1,118537.47,1,1,1,116912.45,0,0,0.4978623682675279
15652289,694,France,Male,47,4,0.0,2,1,0,197528.62,0,0,0.2606838739196597
15662403,622,France,Female,32,6,169089.38,2,1,0,101057.95,0,0,0.2831013280502044
15781987,641,France,Male,31,9,112494.99,1,1,1,32231.6,0,0,0.17671627690258696
15727311,539,France,Female,22,0,100885.93,2,1,1,38772.65,0,0,0.1858748019612986
15698749,626,Germany,Female,23,6,85897.95,1,1,0,109742.8,0,0,0.40524372987124957
15750602,662,France,Male,29,5,147092.65,1,1,0,10928.3,0,0,0.32985050662845616
15757632,496,France,Female,41,1,176024.05,2,1,0,182337.98,0,0,0.4597024323030043
15792107,719,Spain,Female,35,8,0.0,1,1,1,165162.4,0,0,0.30558214867598066
15805690,694,Spain,Female,35,7,0.0,1,1,0,133570.43,1,0,0.5162482852453949
15701074,629,Germany,Male,35,8,112330.83,1,1,1,91001.02,0,0,0.4491681027539407
15809654,707,France,Female,46,7,127476.73,2,1,1,146011.55,0,0,0.5334635934934596
15742834,640,France,Male,45,1,0.0,1,1,1,10908.33,0,0,0.5677306124925283
15636572,760,France,Female,32,7,0.0,2,1,1,105969.05,0,0,0.09779215815321128
15810660,774,Germany,Male,34,4,120875.23,2,0,1,113407.26,0,0,0.22995113953453608
15703482,710,Germany,Male,34,9,134260.36,2,1,0,147074.67,0,0,0.2657920402967772
15774402,562,Spain,Male,36,5,0.0,1,0,1,182843.24,0,0,0.42883337130415305
15762331,569,France,Male,37,9,178755.84,1,1,0,199929.17,0,0,0.3913474961744784
15644878,685,Spain,Female,43,6,117302.62,1,0,0,68701.73,0,1,0.6051244117742888
15690796,516,France,Male,37,8,0.0,1,1,0,101834.58,0,0,0.39869115306321645
15755138,850,France,Female,32,8,0.0,2,1,1,55593.8,0,0,0.09709289028633544
15792916,559,Spain,Female,40,7,144470.77,1,1,1,18917.95,0,0,0.3552404307199359
15654222,757,Spain,Male,30,3,145396.49,1,0,1,198341.15,0,0,0.21657821255161896
15723320,651,Germany,Female,25,2,109175.14,2,1,0,114566.47,0,0,0.3166241820581752
15761886,740,France,Male,36,4,172381.8,1,1,1,86480.29,0,0,0.2118196592931022
15724223,545,France,Female,55,5,0.0,1,0,0,10034.77,1,1,0.8486901321306352
15784286,641,Spain,Male,40,5,102145.13,1,1,1,100637.07,0,0,0.29051568481920925
15685309,669,France,Female,35,7,0.0,1,1,1,49108.23,1,0,0.3138462907335058
15726167,655,France,Male,37,4,0.0,2,1,1,142415.97,0,0,0.07655564856482103
15635703,729,Germany,Female,39,1,131513.26,1,1,1,193715.0,0,1,0.6017411950481324
15627801,512,Spain,Male,33,3,176666.62,1,1,0,94670.77,0,0,0.3556816428031372
15636478,621,France,Male,31,7,136658.61,1,1,1,148689.13,0,0,0.1952025587208467
15716023,693,France,Male,31,1,0.0,2,0,1,182270.88,0,0,0.07750338036188754
15723153,708,Spain,Male,33,3,0.0,2,1,0,138613.21,0,0,0.08625718296439872
15654296,754,Spain,Female,19,9,0.0,1,1,0,189641.11,0,0,0.42170539548106495
15776939,778,Germany,Female,48,3,102290.56,2,1,0,182691.31,0,1,0.6480011125199664
15743293,651,Germany,Female,35,1,163700.78,3,1,1,29583.48,1,1,0.6964991237299395
15747208,608,France,Male,50,6,0.0,1,1,0,93568.77,1,1,0.8430709127144764
15611058,702,Germany,Female,60,5,138597.54,2,1,1,41536.59,1,0,0.5966470048337685
15572093,613,France,Female,24,7,140453.91,1,1,0,129001.3,0,0,0.35654411047514745
15629575,717,France,Male,36,2,148061.89,1,1,0,179128.69,1,0,0.32757943463782196
15569451,463,France,Male,35,2,101257.16,1,1,1,118113.64,0,0,0.20338988341801884
15623357,692,Germany,Male,24,2,120596.93,1,0,1,180490.53,0,0,0.3576745980523702
15677307,684,Germany,Female,40,6,137326.65,1,1,0,186976.6,0,1,0.6797341313572283
15624424,678,Spain,Female,49,1,0.0,2,1,1,102472.9,0,0,0.285725995562455
15737521,619,Germany,Male,40,9,103604.31,2,0,0,140947.05,0,0,0.4187822399951598
15623791,632,Spain,Female,40,3,109740.62,1,1,0,141896.74,0,0,0.575810992282158
15798850,576,France,Male,32,7,0.0,2,1,0,4660.91,0,0,0.0749932318665322
15721835,791,Spain,Male,25,7,0.0,1,1,0,89666.28,0,0,0.36708512224426393
15730441,509,France,Male,26,10,0.0,2,1,1,6177.83,0,0,0.08134634653315162
15751912,567,France,Male,36,7,0.0,2,0,1,3896.08,0,0,0.08918871274874865
15764226,630,Germany,Female,28,8,106425.75,1,1,1,20344.84,0,0,0.4774794021611055
15687218,674,France,Female,27,4,79144.34,1,0,1,50743.83,0,0,0.2170063026976743
15716347,663,Germany,Male,37,7,143625.83,2,0,1,176487.05,0,0,0.22559488118223087
15683544,626,Spain,Male,62,3,0.0,1,1,1,65010.74,0,0,0.5625553600405283
15658675,710,Germany,Male,37,6,135795.63,1,0,1,46523.6,0,0,0.49294429481686797
15632118,698,Spain,Male,45,5,164450.94,1,1,0,141970.02,1,1,0.700895559804855
15625426,754,Germany,Female,55,3,161608.81,1,1,0,8080.85,1,1,0.8768821706831453
15627251,520,France,Male,34,4,134007.9,1,1,1,193209.11,0,0,0.26353847234301037
15789563,706,Germany,Female,46,7,111288.18,1,1,1,149170.25,1,1,0.7952356627476967
15700696,738,Spain,Male,31,9,79019.8,1,1,1,18606.23,0,0,0.17502724333458872
15572390,850,Spain,Female,39,6,0.0,2,1,0,103921.43,0,0,0.158527007580619
15588535,750,Spain,Female,39,6,0.0,2,0,0,19264.33,0,0,0.17242868464063615
15741180,617,France,Male,54,6,102141.9,1,1,1,45325.26,0,0,0.5125966348110951
15723217,616,France,Male,37,9,0.0,1,1,0,111312.96,0,0,0.39762218684245826
15702789,548,Germany,Male,32,5,175214.71,1,1,1,155165.61,0,0,0.26512406809581873
15619514,507,Germany,Male,40,3,120105.43,1,1,0,92075.01,1,1,0.6848789699378165
15778884,809,France,Female,38,2,154763.21,2,1,1,174800.31,0,0,0.20203844713256575
15585865,673,France,Female,38,2,170061.92,2,0,0,134901.34,1,0,0.3412944829268988
15788367,487,Spain,Male,44,6,61691.45,1,1,1,53087.98,0,0,0.4737694212883187
15737778,782,Spain,Female,41,4,0.0,1,1,0,132943.88,0,1,0.6580964384698459
15569572,778,France,Male,42,6,0.0,2,1,1,106197.44,0,0,0.13999345832721877
15685245,608,Spain,Female,56,5,0.0,2,0,1,153810.41,0,0,0.3581329408605293
15566139,526,France,Female,37,5,53573.18,1,1,0,62830.97,0,0,0.48928355965334885
15653937,638,Germany,Female,53,1,123916.67,1,1,0,16657.68,1,1,0.9369357319071753
15726358,681,France,Male,34,7,0.0,2,0,0,130686.59,0,0,0.08051436389318316
15812272,693,Germany,Male,44,5,124601.58,2,1,1,46998.13,1,0,0.5659156894434729
15628059,529,France,Male,61,1,0.0,2,1,1,191370.97,0,0,0.35624551351909306
15664737,779,Spain,Female,38,7,0.0,2,1,1,138542.87,0,0,0.11686363918957518
15769703,550,Germany,Female,45,8,111257.59,1,0,0,97623.42,1,1,0.8871898235896458
15572792,535,Spain,Male,35,8,118989.92,1,1,1,135536.72,0,0,0.2138119747934747
15640161,618,Germany,Male,44,5,157955.83,2,0,0,139297.71,0,0,0.548866587857917
15800412,458,Germany,Male,35,9,146780.52,2,1,1,3476.38,0,0,0.17397654391711423
15607509,539,France,Male,38,5,0.0,2,1,0,47388.41,0,0,0.10343900614645114
15788025,715,France,Female,38,0,0.0,2,1,1,332.81,0,0,0.2212512176991636
15594041,592,Spain,Female,41,2,138734.94,1,1,0,90020.74,0,0,0.5485293642352014
15695475,645,France,Male,29,1,130131.08,2,0,1,196474.35,0,0,0.1389158451596686
15781702,733,Germany,Male,38,9,111347.37,2,0,1,194872.97,0,0,0.28386332027016004
15779176,565,Germany,Female,58,3,108888.24,3,0,1,135875.51,1,1,0.9159461759941486
15791326,566,France,Male,34,3,0.0,1,0,0,188135.69,0,0,0.4020348024856238
15710366,569,Spain,Female,42,1,0.0,1,1,1,83629.6,1,0,0.5344681877513584
15775293,680,France,Male,34,3,143292.95,1,1,0,66526.01,0,0,0.3131503844303388
15786200,564,France,Male,31,4,0.0,2,1,0,53520.03,0,0,0.0793436861074975
15704657,601,France,Male,39,3,72647.64,1,1,0,41777.9,1,0,0.3558733360120784
15645029,771,Spain,Female,33,5,0.0,2,1,0,8673.43,0,0,0.13493812628894408
15597945,636,Spain,Female,32,8,0.0,2,1,0,138555.46,0,0,0.12288440415505293
15583394,659,Germany,Male,39,8,106259.63,2,1,1,198103.32,0,0,0.289889725417015
15584114,678,Germany,Female,43,2,153393.18,2,1,1,193828.27,0,0,0.34870809812133663
15627365,732,France,Male,46,0,0.0,2,1,1,184350.78,0,0,0.22135276389295158
15571281,651,France,Male,28,10,79562.98,1,1,1,74687.37,0,0,0.1633146743016536
15714680,755,France,Female,78,5,121206.96,1,1,1,76016.49,0,0,0.26191857935953744
15705890,674,France,Male,45,7,142072.02,1,1,0,37013.29,0,1,0.6990560903355447
15673907,659,France,Male,20,8,0.0,2,0,0,112572.02,0,0,0.07537320760964461
15689201,721,France,Female,49,1,120108.56,1,0,1,183421.76,0,1,0.6202876701898564
15757897,766,France,Female,26,3,104258.8,1,1,1,428.23,0,0,0.22904866555660544
15635531,575,Spain,Female,30,8,0.0,2,1,0,185341.63,0,0,0.11957943500903098
15646490,537,Spain,Male,42,1,190569.23,1,0,1,127154.8,0,0,0.37631662752108563
15589019,633,Spain,Female,33,4,92855.02,1,1,1,159813.18,0,0,0.29782852990403424
15599211,707,France,Male,40,1,0.0,2,1,0,14090.4,1,0,0.10815971302652319
15680001,602,France,Male,38,7,111835.94,2,1,0,124389.61,0,0,0.25058727520262536
15801832,684,Germany,Male,42,1,117691.0,1,1,1,23135.65,1,1,0.6665906625559416
15631813,621,France,Male,39,6,0.0,2,1,1,58883.91,0,0,0.09210287945849562
15566563,777,France,Female,30,4,137851.31,1,1,0,5008.23,1,0,0.347930748020698
15598892,828,France,Male,30,4,73070.18,2,0,0,161671.15,0,0,0.14676278617169047
15579223,573,Germany,Male,30,8,127406.5,1,1,0,192950.6,0,0,0.530484499660194
15653572,673,Spain,Male,43,8,127132.96,1,0,1,6009.27,1,0,0.4139223751296338
15726494,481,France,Male,44,9,175303.06,1,1,0,65500.53,1,1,0.7069622157171702
15710012,738,Spain,Male,44,2,0.0,2,1,0,43018.82,1,0,0.2623215090594953
15752186,562,France,Female,27,3,0.0,2,1,0,28137.03,0,0,0.12071918477627167
15733387,707,Spain,Female,53,6,109663.47,1,1,1,52110.45,0,0,0.503655048581731
15749103,604,Germany,Female,47,4,118907.6,1,0,1,47777.15,1,1,0.822886742482263
15763414,655,Germany,Male,32,9,113447.01,1,1,0,82084.3,0,0,0.569186047524519
15583552,674,Germany,Male,44,3,88902.21,1,1,0,73731.32,0,1,0.7547711369558424
15693764,663,Spain,Male,52,0,136298.65,1,1,0,144593.3,1,1,0.8179966430648448
15699309,510,Spain,Female,38,4,0.0,1,1,0,118913.53,1,0,0.5403737696258151
15757568,704,France,Female,45,6,0.0,1,1,1,137739.45,0,1,0.6005342570151841
15743075,659,France,Male,35,6,0.0,2,1,1,58879.11,0,0,0.07286744444934042
15728564,682,France,Male,41,6,0.0,2,0,1,134158.09,1,0,0.13452208784566289
15623502,598,Spain,Female,56,4,98365.33,1,1,1,44251.33,0,0,0.5476815204224059
15815040,552,Germany,Female,42,8,103362.14,1,0,1,186869.58,1,1,0.7199858647815912
15696514,587,Germany,Female,37,6,104414.03,1,1,0,192026.02,0,1,0.6253607992390396
15775750,686,France,Male,37,9,134560.62,1,1,0,27596.39,0,0,0.3324601623728498
15809838,697,Spain,Male,30,1,0.0,2,0,0,735.79,0,0,0.1319110835071034
15621075,778,Germany,Female,45,1,162150.42,2,1,0,174531.27,0,0,0.53477212620516
15742607,850,Germany,Male,36,7,102800.72,1,1,1,87352.43,0,0,0.4290279724850599
15574947,656,France,Male,36,8,97786.08,2,0,1,21478.36,0,0,0.14538583862230883
15575619,656,Spain,Female,32,1,104254.27,1,1,1,17034.37,0,0,0.24556942029244858
15650545,849,France,Male,69,7,71996.09,1,1,1,139065.94,0,0,0.2261109662131416
15765461,632,Spain,Male,47,3,0.0,2,1,0,178822.32,0,0,0.27114421076650824
15598802,770,Spain,Male,30,8,0.0,2,0,1,50839.85,0,0,0.05617694610399275
15815615,681,France,Male,36,5,141952.07,1,1,1,185144.08,0,0,0.24279986975502713
15584785,660,France,Male,37,2,97324.91,1,1,0,23291.83,0,0,0.3130875849144887
15594915,649,France,Female,36,8,0.0,2,0,1,109179.89,0,0,0.13814208336224632
15688059,807,Germany,Female,42,9,105356.09,2,1,1,130489.37,0,0,0.4215684767624141
15569503,765,France,Male,44,6,0.0,2,1,1,159899.97,0,0,0.18431036360509512
15608804,824,Germany,Male,49,8,133231.48,1,1,1,67885.37,0,1,0.788743864410213
15807961,619,France,Male,25,4,0.0,1,1,0,145524.36,0,0,0.34940511680037395
15653315,555,Spain,Female,35,1,0.0,2,1,0,101667.0,0,0,0.14688912054260156
15667458,764,Germany,Male,28,10,124023.18,1,1,0,166188.28,0,0,0.512406910085064
15722611,752,France,Female,53,8,114233.18,1,1,1,51587.04,0,0,0.5629897613981086
15682355,772,Germany,Male,42,3,75075.31,2,1,0,92888.52,1,0,0.25647947992574693
15620103,660,France,Female,40,8,167181.01,1,1,1,185156.94,0,0,0.43236680406208544
15815490,670,Germany,Male,40,2,164948.98,3,0,0,177028.0,1,1,0.7767968431297716
15603170,654,France,Male,32,9,121455.65,1,1,0,190068.53,1,0,0.27568532113575084
15776494,754,France,Male,61,5,146622.35,1,1,1,41815.22,1,0,0.4324078021578589
15767921,613,France,Male,41,7,0.0,2,1,0,60297.72,0,0,0.13351131379739065
15702337,581,France,Male,37,7,0.0,2,1,1,74320.75,0,0,0.09565819105672331
15728333,521,France,Male,43,8,0.0,1,1,1,93180.09,0,0,0.48819914867431186
15793247,498,France,Male,34,5,0.0,2,1,1,91711.66,0,0,0.07567290371326271
15675585,416,Germany,Female,25,0,97738.97,2,1,1,160523.33,0,0,0.22626109400475045
15595592,708,France,Female,59,2,0.0,1,1,0,179673.11,1,1,0.8958693746417548
15802869,737,Germany,Female,45,2,99169.67,2,1,1,78650.95,0,1,0.6188288703236849
15672016,819,France,Male,35,1,0.0,2,0,1,3385.04,0,0,0.07256176470427379
15767594,533,France,Female,35,8,0.0,2,1,1,187900.12,0,0,0.12068399757534934
15579583,641,Spain,Female,40,4,101090.27,1,1,1,51703.09,0,0,0.3728477162173148
15798084,688,France,Male,26,0,0.0,2,1,0,105784.85,0,0,0.08417795070709166
15771059,756,Germany,Female,34,2,148200.72,1,0,0,194584.48,0,0,0.47775388170138605
15659366,807,France,Male,43,1,105799.32,2,1,0,34888.04,1,0,0.36712039929372176
15621685,769,France,Male,29,2,123757.52,2,1,0,84872.66,0,0,0.16420026395322956
15631359,489,France,Female,38,5,117289.92,1,0,0,85231.88,0,0,0.4059512470031529
15777614,545,Spain,Female,44,1,0.0,2,1,1,82614.89,0,0,0.2573184401417434
15618203,773,Germany,Male,51,8,116197.65,2,1,1,86701.4,0,1,0.6043396926816725
15813034,727,Spain,Male,38,2,62276.99,1,1,1,59280.79,0,0,0.2839605071563586
15723604,639,France,Male,39,6,150555.83,1,1,0,30414.17,0,0,0.4025287742159812
15766166,604,Spain,Male,43,2,145081.72,1,1,1,23881.62,0,0,0.46102375694302744
15787825,585,Germany,Male,37,6,152496.82,1,1,1,99907.29,0,0,0.41361686989012847
15646817,769,France,Male,51,9,156773.78,2,1,0,40257.79,0,1,0.6239403507360783
15610753,581,France,Male,28,3,104367.5,1,1,1,29937.75,0,0,0.18768934640239973
15594576,524,France,Male,32,1,144875.71,1,0,0,187740.04,0,0,0.2643840094091719
15795640,683,Germany,Female,35,1,132371.3,2,0,0,186123.57,0,0,0.31867326249199684
15615004,730,France,Female,37,1,0.0,2,1,1,124364.63,0,0,0.13805680438147594
15743673,551,Spain,Male,27,2,113873.22,1,1,1,85129.77,1,0,0.20075283142380573
15598331,764,France,Female,40,9,100480.53,1,1,0,124095.69,0,0,0.574442853110263
15660535,680,France,Female,47,5,0.0,2,1,1,179843.33,0,0,0.29316039328483817
15608114,587,Spain,Male,62,7,121286.27,1,0,1,6776.92,0,0,0.44026748545068706
15662232,675,Germany,Male,42,2,92616.64,2,1,0,8567.18,0,0,0.3576321482968943
15634936,735,France,Male,41,7,179904.0,1,1,1,137180.95,0,0,0.3930465916943615
15654074,653,France,Male,38,8,119315.75,1,1,0,150468.35,0,0,0.33895106664995367
15586300,615,France,Male,66,7,0.0,2,1,1,74580.8,0,0,0.1294352496812988
15698732,789,Germany,Male,51,3,104677.09,1,1,0,74265.38,0,1,0.9113718850146166
15617934,579,France,Male,36,9,129829.59,1,1,1,60906.12,0,0,0.2212645129576325
15806049,714,Germany,Female,49,5,140510.89,1,1,0,141914.94,0,1,0.9217337647544975
15733111,688,Spain,Male,32,6,124179.3,1,1,1,138759.15,0,0,0.18987697169361578
15706163,518,Germany,Male,46,4,113625.93,1,0,0,92727.42,1,1,0.8819759258493839
15582246,737,Spain,Female,45,2,0.0,2,0,1,177695.67,0,0,0.30182201507988465
15592570,773,Spain,Female,23,8,0.0,2,1,0,56759.79,0,0,0.1173978066837168
15633546,652,Spain,Female,33,3,124832.51,1,1,0,195877.06,0,0,0.36026301089788937
15695225,834,Spain,Male,38,8,0.0,2,1,1,66485.26,0,0,0.08452303347222853
15573730,586,Germany,Male,42,6,126704.49,2,1,0,41682.3,0,0,0.4092773562973576
15743976,618,Germany,Male,41,8,37702.79,1,1,1,195775.48,0,0,0.3970754760918206
15666181,650,France,Male,33,0,98064.97,1,1,0,52411.99,0,0,0.26329385809199496
15641110,708,France,Male,41,0,0.0,1,1,0,128400.62,0,0,0.47745018762529523
15782100,544,Spain,Male,22,3,66483.32,1,0,1,110317.39,0,0,0.29109511229772034
15777436,710,Spain,Female,31,5,0.0,2,1,0,9561.73,0,0,0.13924891880124624
15744398,525,France,Female,23,5,0.0,2,1,0,160249.1,0,0,0.13656915803088535
15572174,825,France,Male,29,3,148874.01,2,0,1,71192.82,0,0,0.13023736331800084
15803976,694,France,Female,31,10,0.0,2,1,0,160990.27,0,0,0.1507507989031982
15671172,623,France,Male,23,1,106012.2,2,0,1,191415.94,0,0,0.12231745555873413
15732265,630,France,Male,33,9,0.0,2,1,0,64804.59,0,0,0.07648122564788203
15677317,570,France,Female,29,4,153040.03,1,1,1,131363.57,1,0,0.26355285338574974
15757385,578,Spain,Female,28,8,161592.76,1,1,0,177834.79,0,0,0.37001371303221553
15792722,611,France,Female,43,8,64897.75,1,1,0,114996.33,0,1,0.7276441400399546
15606755,597,Spain,Female,46,4,0.0,2,1,0,58667.16,1,0,0.38809596744348474
15803378,850,Spain,Male,44,8,0.0,2,1,1,183617.32,0,0,0.19825394360810486
15578297,737,Germany,Female,43,1,125537.38,1,1,0,138510.01,1,1,0.8731123121997717
15667632,703,France,Female,42,7,0.0,2,0,1,72500.68,0,0,0.2705882154010694
15731760,681,France,Male,25,5,0.0,1,0,1,90860.97,0,0,0.26812343138820116
15578761,459,Spain,Female,42,6,129634.25,2,1,1,177683.02,1,0,0.42246026655691177
15768201,850,France,Female,39,2,148586.64,1,1,1,176791.27,0,0,0.3125482066179908
15637690,622,Germany,Female,34,7,98675.74,1,1,0,138906.85,1,0,0.5363048026291515
15788535,593,Spain,Male,44,5,0.0,1,1,0,128046.98,0,1,0.6875756313515599
15591985,708,France,Female,51,8,70754.18,1,1,1,92920.04,1,0,0.5669713271810081
15771580,850,France,Female,38,0,106831.69,1,0,1,148977.72,0,0,0.27439999008896054
15802625,733,Germany,Male,48,7,85915.52,1,1,1,23860.5,0,0,0.5243742602607488
15802617,697,Germany,Male,43,7,115371.94,2,1,0,64139.1,0,1,0.6018452473652065
15584580,443,France,Male,35,6,161111.45,1,0,0,13946.66,0,0,0.31161569357342084
15736420,596,France,Male,21,4,210433.08,2,0,1,197297.77,1,0,0.2428484409422884
15719779,645,Germany,Male,25,1,157404.02,2,1,0,93073.04,0,0,0.20333484995236334
15646859,621,Germany,Male,47,7,107363.29,1,1,1,66799.28,0,1,0.784761862431604
15767894,741,France,Female,21,9,0.0,2,0,1,139259.54,0,0,0.0925644408499889
15814690,595,Germany,Female,64,2,105736.32,1,1,1,89935.73,1,1,0.7006041586603304
15755863,630,Spain,Female,49,1,0.0,2,0,1,162858.29,0,0,0.3434098296631341
15784736,562,France,Male,45,6,136855.24,1,1,0,46864.0,0,1,0.7218052313574378
15756975,777,Spain,Female,35,3,0.0,2,1,1,17257.72,0,0,0.1394128047163934
15753110,720,Spain,Male,64,3,45752.78,2,1,0,79623.28,1,1,0.6441106515468049
15668575,626,Spain,Female,26,8,148610.41,3,0,1,104502.02,1,1,0.6907478864472393
15712319,714,Spain,Male,45,8,150900.29,2,0,1,139889.15,0,0,0.42951862136676133
15692002,538,France,Male,33,6,93791.38,1,1,1,199249.29,0,0,0.2629059981148668
15789941,633,France,Female,36,6,125130.28,1,0,0,125961.48,0,0,0.3775721397829565
15582762,667,Spain,Male,77,2,0.0,1,1,1,34702.92,0,0,0.3155468272944575
15632345,754,France,Female,35,4,0.0,2,1,0,44830.71,0,0,0.13691623024677466
15720083,554,Spain,Male,42,1,0.0,2,0,1,183492.9,0,0,0.17442054356414427
15739858,618,France,Male,56,7,0.0,1,1,1,142400.27,1,0,0.5804105082669326
15697034,583,Spain,Female,22,2,0.0,2,0,1,5985.36,0,0,0.15354740224274768
15735400,756,France,Male,28,8,179960.2,1,1,0,89938.08,0,0,0.3981996634702974
15726310,782,Spain,Female,27,3,0.0,2,1,0,143614.01,0,0,0.12031269804634936
15708063,712,France,Male,36,2,100749.5,3,0,0,70758.37,1,1,0.7529688634341879
15811690,793,Germany,Male,54,2,128966.13,1,0,0,18633.4,1,1,0.9046911188741218
15646535,578,France,Male,46,5,113226.47,1,1,0,56770.76,0,1,0.7273946192714927
15810454,709,France,Male,32,4,147307.91,1,0,1,40861.55,0,0,0.18128221386094945
15609254,513,Spain,Female,41,9,107135.04,2,1,1,160546.58,0,0,0.35738136480182786
15794414,507,Spain,Male,46,6,92783.68,1,1,1,51424.29,0,0,0.48917441299846665
15799811,724,France,Male,40,10,0.0,1,1,0,127847.25,1,0,0.5249718437915982
15589660,661,Germany,Female,32,1,145980.23,1,0,1,56636.28,0,0,0.40865318308383985
15773260,590,France,Female,32,0,127763.24,1,1,0,100717.54,0,0,0.3330356735793016
15747821,554,Germany,Female,31,6,135470.9,1,1,0,107074.81,0,0,0.5763151411703941
15581620,597,France,Male,28,2,0.0,3,1,1,78707.97,0,0,0.5012816430283695
15758510,474,France,Male,26,6,0.0,2,0,0,152491.22,0,0,0.12061884613568771
15797381,593,Germany,Female,48,3,133903.12,2,1,1,85902.39,1,1,0.6552658721896678
15586880,594,Germany,Male,41,2,122545.65,2,1,1,42050.24,0,0,0.35955147657604214
15720687,576,France,Female,41,4,112609.91,1,0,0,191035.18,1,0,0.5644562745345185
15792180,566,Germany,Male,22,7,144954.75,2,1,0,102246.0,0,0,0.2576189623796117
15654859,612,Spain,Female,63,2,131629.17,2,1,0,122109.58,1,1,0.7564611626099897
15704483,724,France,Male,40,6,0.0,2,0,0,106149.48,0,0,0.13508395884575436
15572361,790,Germany,Female,34,2,164011.48,1,1,0,199420.41,0,0,0.36210812560224104
15796071,657,Spain,Male,29,7,83889.03,1,1,0,153059.62,0,0,0.2819469475779312
15736302,687,France,Male,48,4,0.0,2,1,1,170893.85,0,0,0.22749900605267634
15752838,723,Spain,Male,38,6,0.0,2,1,1,94415.6,0,0,0.07727397670163719
15596624,662,France,Female,22,9,0.0,2,1,1,44377.65,0,0,0.115338194747339
15646942,786,Spain,Female,39,7,0.0,2,0,0,100929.59,0,0,0.16485216107752446
15728006,524,France,Male,40,2,180516.9,1,1,0,180002.42,0,0,0.5220198747693426
15665222,625,Spain,Male,52,8,121161.57,1,1,0,48988.28,0,1,0.7770326877439218
15576263,759,France,Female,22,5,0.0,1,1,0,22303.17,0,0,0.4272699216642225
15668323,678,France,Female,41,1,143443.61,1,1,0,196622.28,1,0,0.5117006109572771
15781665,601,France,Female,37,5,0.0,1,0,0,20708.6,0,0,0.47208184363559347
15763274,661,France,Male,48,3,120320.54,1,0,0,96463.25,0,1,0.7494868272627577
15798824,671,Spain,Male,38,0,92674.94,2,1,0,3647.57,0,0,0.19944644538264128
15782875,663,France,Male,33,5,157274.36,2,1,1,28531.81,0,0,0.1622733562667672
15737385,800,Spain,Female,46,6,0.0,2,1,0,171928.04,0,0,0.4053504980637135
15711834,650,Spain,Female,30,6,0.0,1,0,0,67997.13,1,0,0.44483612915774584
15812720,807,Germany,Male,37,10,130110.45,2,0,1,172097.95,0,0,0.22888412916436077
15656717,687,France,Female,30,6,0.0,2,0,0,179206.92,0,0,0.13401067204138203
15790455,478,France,Female,50,2,0.0,1,0,1,93332.64,1,1,0.7240300539485411
15627517,497,Spain,Male,27,7,149400.27,1,0,0,167522.19,0,0,0.2744628175596998
15615430,678,Germany,Male,55,4,129646.91,1,1,1,184125.1,1,1,0.7607686472023442
15785705,705,Germany,Female,44,10,106731.58,1,1,0,137419.87,1,1,0.8676229857630097
15750929,702,Spain,Male,39,8,0.0,2,1,0,99654.13,0,0,0.10336816794373073
15744240,688,Germany,Female,46,0,74458.25,1,0,1,6866.31,0,0,0.5696107939748939
15645184,701,France,Male,29,2,0.0,2,1,0,176943.59,0,0,0.09110115143002068
15715769,621,France,Male,26,2,75237.54,1,0,1,44220.4,0,0,0.19443279494731025
15633586,595,France,Female,39,7,120962.13,1,0,0,23305.01,0,0,0.44332048430443577
15602844,717,France,Male,38,7,97459.06,1,0,0,189175.71,0,0,0.35535569075436635
15790497,503,Spain,Male,37,6,0.0,2,0,0,136506.86,0,0,0.09969636319101266
15771569,576,Germany,Male,46,4,137367.94,1,1,1,33450.11,0,1,0.7821360294093413
15718057,760,France,Female,51,2,100946.71,1,0,0,179614.8,1,1,0.825245430602484
15684469,841,Germany,Male,32,2,117070.21,1,1,0,113482.2,0,0,0.5433023165110246
15753874,694,France,Male,37,10,143835.47,1,0,1,33326.71,0,0,0.21820410339388657
15607275,850,Spain,Male,39,6,206014.94,2,0,1,42774.84,1,0,0.26492310199869
15751392,689,Spain,Female,57,4,0.0,2,1,0,136649.8,1,1,0.6034890059282545
15782364,521,Spain,Female,39,3,146408.68,1,0,0,72993.67,0,0,0.4271933800356088
15768219,850,Spain,Male,36,0,0.0,2,1,0,141242.57,0,0,0.10500631619125896
15574115,656,Spain,Female,41,6,101179.23,2,1,1,35230.61,0,0,0.3102214551086281
15716324,665,France,Female,23,9,143672.9,1,1,1,115147.33,0,0,0.25452405801760714
15587913,748,Spain,Female,40,4,0.0,2,1,0,132368.47,0,0,0.22283742796389563
15730579,850,France,Male,68,5,169445.4,1,1,1,186335.07,0,0,0.2694413643427749
15624993,753,France,Female,36,7,128518.98,1,1,1,44567.83,1,0,0.2613051320416048
15598493,656,France,Male,50,7,0.0,2,0,1,72143.44,0,0,0.24934886030050687
15726313,687,Spain,Female,50,5,0.0,2,1,0,110230.4,0,0,0.4936512279700652
15748797,636,Spain,Female,33,0,0.0,1,1,0,92277.47,1,0,0.4689373301548583
15723299,774,France,Male,53,4,113709.28,1,1,1,153887.93,1,0,0.4974627715051132
15570271,577,Spain,Male,31,6,0.0,1,1,1,196395.25,0,0,0.3666490349939626
15725679,531,France,Female,47,6,0.0,1,0,0,194998.34,1,1,0.8025402979037061
15718852,794,France,Male,56,9,96951.21,1,1,1,71776.76,0,0,0.438348232965353
15758901,713,Spain,Female,47,1,0.0,1,1,0,107825.08,1,1,0.8574363924816275
15711446,569,Spain,Female,51,3,0.0,3,1,0,75084.96,1,1,0.8796159647094018
15714380,827,France,Male,38,5,0.0,2,0,0,103305.01,0,0,0.09593912056183974
15590094,613,Germany,Male,38,9,126265.88,2,0,0,15859.95,0,0,0.3894046400400509
15623062,660,Germany,Male,24,5,85089.3,1,1,1,71638.0,0,0,0.1913784901996753
15712483,608,Spain,Female,28,4,0.0,2,1,0,10899.63,1,0,0.1285210973525643
15605804,737,France,Male,45,10,0.0,2,1,0,1364.54,0,0,0.2971408972980271
15604146,608,Germany,Female,38,8,103653.51,2,1,1,137079.86,0,0,0.3548346066548582
15629187,535,France,Male,38,8,85982.07,1,1,0,9238.35,0,0,0.3241351111575044
15736778,807,Germany,Female,60,1,72948.58,2,1,1,17355.36,0,0,0.3485356194515553
15601045,655,Spain,Male,37,8,163708.58,2,0,0,76259.23,0,0,0.26669588056774224
15609928,850,Germany,Male,43,5,129305.09,2,0,1,19244.58,0,0,0.4558379627313061
15648032,588,Spain,Male,37,2,0.0,2,0,1,187816.59,0,0,0.10353012125710302
15705707,635,Spain,Female,29,8,138296.94,2,1,0,141075.51,0,0,0.28958374475764354
15646374,766,Germany,Female,28,3,62717.84,2,1,1,13182.43,0,0,0.17060768924337352
15715715,799,Spain,Male,38,2,0.0,2,1,1,59297.34,0,0,0.07500346764578875
15623450,637,Germany,Female,27,7,135842.89,1,1,1,101418.05,0,0,0.45763602981562784
15808760,603,Spain,Female,42,6,0.0,1,1,1,90437.87,0,0,0.5039785764000184
15710375,641,France,Male,41,6,0.0,2,1,0,65396.79,0,0,0.12848126033590368
15600832,508,France,Female,43,9,0.0,1,1,0,103726.71,0,1,0.7288191114696422
15786739,669,France,Male,37,1,125529.55,1,1,1,162260.93,0,0,0.21423434413019973
15703763,554,France,Male,44,7,85304.27,1,1,1,58076.52,0,0,0.451430486973112
15616666,646,Germany,Female,52,6,111739.4,2,0,1,68367.18,0,1,0.684616655120557
15800229,695,Germany,Male,40,7,139022.24,1,0,1,193383.13,0,0,0.5626793747421628
15594786,772,Germany,Male,34,7,111565.91,1,1,1,121073.23,0,0,0.468378032105468
15581197,762,France,Female,51,3,99286.98,1,0,1,85578.63,0,1,0.6239056732906024
15732610,745,France,Female,28,6,0.0,2,1,0,154389.18,0,0,0.12666827386476068
15797751,466,Germany,Female,47,5,102085.72,1,1,1,183536.24,1,1,0.782940780855127
15756333,642,France,Female,55,7,0.0,2,1,1,101515.76,0,0,0.31508712627793267
15765982,735,France,Male,41,7,74135.85,1,1,1,11783.1,1,0,0.32091534674285344
15748995,691,Spain,Male,30,9,0.0,2,0,1,10963.04,0,0,0.06812072108104845
15596088,705,France,Female,50,4,77065.9,2,0,1,145159.26,0,0,0.48792922313467124
15582149,850,Germany,Female,34,3,129668.43,2,1,1,88743.99,0,0,0.2186229182127966
15588350,744,France,Female,43,10,147832.15,1,0,1,24234.11,0,0,0.53405943153398
15787597,420,Germany,Female,31,1,108377.75,2,1,1,9904.63,0,0,0.2929116640597254
15750056,702,France,Female,29,6,149218.39,1,1,1,9633.01,0,0,0.24990805290101126
15775905,612,Germany,Female,47,6,130024.87,1,1,1,45750.21,1,1,0.8017178967807628
15574584,670,France,Male,33,8,126679.69,1,1,1,39451.09,0,0,0.17695415051577776
15745201,612,France,Female,43,4,139496.35,2,1,1,77128.23,0,0,0.44033819344633096
15722004,543,France,Female,31,4,138317.94,1,0,0,61843.73,0,0,0.3394224601019993
15678058,584,France,Male,38,9,104584.16,1,1,0,176678.72,0,0,0.36757048043848334
15794472,553,France,Female,27,3,0.0,2,0,0,159800.16,0,0,0.12229095136245588
15679770,611,France,Female,61,3,131583.59,4,0,1,66238.23,1,1,0.8820966781961261
15627190,661,France,Male,51,6,146606.6,1,1,1,68021.9,0,0,0.48551563807999104
15570004,850,France,Male,31,3,0.0,2,1,0,121866.87,0,0,0.09541474229501379
15717328,842,France,Female,37,4,132446.08,2,1,0,87071.18,1,0,0.2715069772740664
15701281,511,France,Male,27,8,0.0,2,1,1,49089.36,0,0,0.06499084257664023
15749807,516,Spain,Female,31,3,0.0,2,1,0,124202.26,0,0,0.12686587420344503
15601263,493,Spain,Female,48,7,0.0,2,1,0,48545.1,0,0,0.454114329773825
15589348,850,Spain,Male,37,4,137204.77,1,1,1,28865.59,0,0,0.1780712939871768
15619238,567,Spain,Male,29,8,0.0,2,1,0,156125.72,0,0,0.08166564419588454
15633274,679,France,Male,34,7,160515.37,1,1,0,121904.14,0,0,0.3161497060850522
15601026,572,Germany,Female,19,1,138657.08,1,1,1,16161.82,0,0,0.4052247247299103
15795571,606,Spain,Male,36,0,94153.56,1,0,1,120138.27,0,0,0.24118670455406982
15575060,797,France,Male,24,5,0.0,2,1,0,182257.61,0,0,0.09730540423566118
15617518,675,Germany,Male,36,7,89409.95,1,1,1,149399.7,0,0,0.30381779424116173
15587210,591,Germany,Female,44,10,113581.98,1,1,0,1985.41,0,1,0.8545718924229759
15612087,671,France,Male,45,2,106376.85,1,0,1,158264.62,0,0,0.50529773852871
15632850,731,France,Male,37,8,0.0,2,1,1,170338.35,0,0,0.09424154163910442
15600258,701,France,Male,43,2,0.0,2,1,1,165303.79,0,0,0.18061306536993968
15624695,662,Spain,Female,72,7,140301.72,1,0,1,179258.67,0,0,0.35414168781784433
15601659,496,Germany,Female,59,7,91680.1,2,1,0,163141.18,1,1,0.803448738206318
15800434,811,Germany,Male,52,10,76915.4,1,0,0,146359.81,1,1,0.7361490811208411
15629273,638,Germany,Male,42,8,145177.84,1,1,0,193471.74,1,1,0.6835094614117135
15723263,495,Germany,Female,34,9,117160.32,1,1,1,116069.24,1,0,0.49714532535892864
15660263,622,France,Male,40,4,99799.76,2,1,0,197372.13,0,0,0.24813942636624234
15627859,607,Germany,Male,29,7,102609.0,1,1,0,163257.44,0,0,0.4679510918344805
15813681,786,Germany,Male,24,2,120135.55,2,1,1,125449.47,0,0,0.18961502260574586
15661821,798,Germany,Female,49,5,132571.67,1,1,1,31686.33,1,1,0.7931306321252003
15662736,559,France,Male,49,2,147069.78,1,1,0,120540.83,1,1,0.7799085666202278
15620836,816,Germany,Female,34,2,108410.87,2,1,0,102908.91,0,0,0.32414239570382186
15656484,682,France,Male,40,4,0.0,2,1,1,140745.91,0,0,0.11676504698822772
15738634,533,France,Male,47,9,83347.25,1,1,1,137696.25,0,0,0.5129793694785281
15578809,651,Germany,Male,40,1,134760.21,2,0,0,174434.06,1,0,0.4012885119042711
15675337,395,Germany,Female,34,5,106011.59,1,1,1,17376.57,1,0,0.48312034943959203
15733476,543,Germany,Male,30,6,73481.05,1,1,1,176692.65,0,0,0.21241442151486975
15669342,731,Germany,Male,35,2,127862.93,2,1,0,139083.7,0,0,0.28590944797858375
15768451,739,Germany,Male,40,5,149131.03,3,1,1,60036.99,1,1,0.8536095878935822
15624391,595,Spain,Female,30,5,100683.54,1,1,1,178361.04,0,0,0.3339035913033825
15811588,664,Spain,Female,53,7,187602.18,1,1,0,186392.99,1,1,0.8011751590523211
15793901,639,France,Female,27,2,0.0,2,0,0,125244.18,0,0,0.1310894711210907
15682273,683,France,Female,38,5,127616.56,1,1,0,123846.07,0,0,0.43123938219349134
15580560,769,France,Female,73,1,0.0,1,1,1,29792.11,0,0,0.32792378236505243
15626233,593,France,Female,32,3,0.0,2,1,1,151978.36,0,0,0.1206490887522622
15598086,624,France,Female,45,3,68639.57,1,1,0,168002.31,1,1,0.802343432080962
15690231,612,Spain,Female,62,0,167026.61,2,1,1,192892.05,0,0,0.4012944732113688
15655274,548,France,Female,29,4,0.0,2,0,1,48673.18,0,0,0.10075764108939884
15681758,525,Spain,Female,25,10,0.0,2,1,0,69361.95,0,0,0.13884729914440405
15804822,805,France,Female,31,4,0.0,2,1,0,4798.12,0,0,0.13002253583192508
15714493,465,Spain,Female,33,6,0.0,2,1,1,95500.98,0,0,0.118093233344332
15677105,706,Germany,Female,46,4,105214.58,1,1,0,108699.59,1,1,0.9065017107556557
15605926,649,Germany,Male,70,9,116854.71,2,0,1,107125.79,0,0,0.4422150217219719
15727915,507,France,Male,36,4,83543.37,1,0,0,140134.43,0,0,0.3053600280142252
15730759,561,France,Female,27,9,135637.0,1,1,0,153080.4,1,0,0.34344130782428084
15810075,648,France,Female,39,6,130694.89,2,1,1,153955.38,1,0,0.27659943318530344
15667216,579,France,Female,29,10,73194.52,2,1,1,129209.09,0,0,0.16726864368154795
15694039,650,Germany,Female,46,9,149003.76,2,1,0,176902.83,0,1,0.6651779001582514
15761477,501,Germany,Male,24,4,130806.42,2,1,0,80241.14,0,0,0.25805250213917447
15687738,535,France,Female,38,8,0.0,2,1,0,136620.64,0,0,0.19112315795610332
15733119,718,France,Male,35,8,0.0,2,1,0,94820.85,0,0,0.08984100195664105
15738411,505,France,Male,34,10,104498.79,1,0,1,126451.14,0,0,0.17521291205455866
15690188,631,France,Male,33,7,0.0,1,1,1,58043.02,1,0,0.30880035947851525
15651020,473,France,Female,25,6,110666.42,2,0,0,46758.42,0,0,0.2435388628056261
15640627,611,Spain,Male,34,4,0.0,2,1,0,170950.58,0,0,0.08891882243217587
15647965,477,France,Female,57,9,114023.64,2,1,1,71167.17,1,0,0.48249600685757243
15711977,695,France,Male,36,4,161533.0,1,1,0,100940.91,0,0,0.34256095154123634
15668081,581,Spain,Female,50,4,0.0,2,1,1,80701.72,0,0,0.29783510633518817
15647898,610,Spain,Female,50,5,130554.51,3,1,0,184758.17,1,1,0.9096544246482438
15756804,636,France,Female,48,1,170833.46,1,1,0,110510.28,1,1,0.7938447765820623
15785920,687,Germany,Male,35,1,125141.24,2,1,1,148537.07,0,0,0.2149015604998673
15654531,477,France,Male,22,5,82559.42,2,0,0,163112.9,1,0,0.1778782534133284
15792329,494,Germany,Male,37,5,107106.33,2,1,0,172063.09,0,0,0.3546535722788976
15684211,704,Spain,Female,44,9,153656.85,1,1,0,158742.81,0,1,0.6617021806788166
15587562,484,France,Female,29,4,130114.39,1,1,0,164017.89,0,0,0.32857373721295
15769064,537,Germany,Male,39,3,135309.36,1,1,0,31728.86,1,1,0.6651627910338724
15718588,548,France,Female,37,9,0.0,2,0,0,98029.58,0,0,0.1680205198977749
15753362,748,Spain,Male,60,3,0.0,2,1,1,78194.37,0,0,0.23507419610784147
15679642,695,Spain,Male,44,8,0.0,2,1,1,70974.13,0,0,0.1923955938550103
15636388,702,Germany,Female,23,7,98775.23,1,1,0,114603.96,0,0,0.48088855017612453
15722758,585,France,Male,40,7,0.0,2,0,0,146156.98,0,0,0.14852204162207552
15765902,706,Germany,Male,38,5,163034.82,2,1,1,135662.17,0,0,0.168754271563445
15682533,850,France,Female,39,7,79259.99,1,0,1,186910.74,0,0,0.3494017411959126
15731478,712,France,Female,42,1,87842.98,1,0,0,92223.59,0,1,0.6089301842457052
15733297,518,France,Female,38,10,84764.79,1,1,1,162253.9,0,0,0.36243898396287777
15675141,569,France,Female,35,4,93934.63,1,1,0,184748.23,0,0,0.41221831285157357
15697844,721,Spain,Female,32,10,0.0,1,1,0,136119.96,1,0,0.43837660175112025
15627412,605,France,Male,39,3,0.0,2,1,0,199390.45,0,0,0.12969530994814146
15757306,738,Spain,Male,49,3,0.0,3,1,1,65066.48,1,1,0.6753777952448933
15781495,662,France,Female,22,2,126362.57,2,1,1,97382.8,0,0,0.18436888382104738
15730273,841,France,Male,27,8,0.0,1,1,0,171922.72,0,0,0.3801333958409891
15777904,703,France,Female,45,7,0.0,2,1,1,68831.72,0,0,0.2686844695604865
15757952,651,France,Male,44,2,0.0,3,1,0,102530.35,1,1,0.7761218235577249
15654292,565,Germany,Male,33,8,130368.31,2,1,0,105642.43,0,0,0.27845614283516906
15703117,565,France,Female,44,1,0.0,2,0,1,89602.81,0,0,0.31306582907273484
15782231,521,France,Male,38,6,0.0,2,1,0,51454.06,0,0,0.10235426403118159
15623566,714,France,Male,40,9,46520.69,1,1,1,96687.25,0,0,0.3346371047086131
15674433,636,Germany,Female,28,2,115265.14,1,0,0,191627.85,0,0,0.5787180957947488
15809143,456,Germany,Male,32,9,133060.63,1,1,1,125167.92,0,0,0.41196253744378397
15584320,686,France,Female,39,3,111695.62,1,0,0,136643.84,0,0,0.46891661148770114
15684440,548,Germany,Male,32,2,98986.28,1,1,1,55867.38,0,0,0.3071371901201194
15658240,554,France,Female,44,9,135814.7,2,0,0,115091.38,0,0,0.5597962052873903
15576126,649,France,Female,41,2,125785.23,1,1,1,70523.92,0,0,0.4044229029451602
15692235,750,France,Female,38,1,0.0,2,1,0,47764.99,0,0,0.1810973834750968
15793307,724,Spain,Female,41,4,142880.28,3,0,0,185541.2,1,1,0.8350242570486561
15747534,595,France,Male,46,10,0.0,1,1,0,73489.15,1,1,0.7080230072224434
15789714,691,Spain,Male,21,3,103000.94,1,1,1,104648.58,0,0,0.18707556971210612
15751227,807,France,Male,47,1,95120.59,1,0,0,127875.1,0,1,0.7221282729378378
15722813,470,Spain,Male,30,4,125385.01,1,1,0,68293.93,0,0,0.3046780251127414
15669060,662,France,Male,74,6,0.0,2,1,0,123583.85,0,0,0.40854343412369476
15677112,519,France,Male,39,2,112957.26,2,1,0,97593.16,0,0,0.2250816673926772
15783541,755,France,Male,31,5,0.0,2,0,1,194660.78,0,0,0.07071019990235387
15627377,593,France,Male,41,6,0.0,2,1,1,99136.49,0,0,0.12382309667469144
15743617,713,Germany,Male,47,1,95994.98,1,1,0,197529.23,0,1,0.7840199712387448
15767891,619,Germany,Female,28,6,99152.73,2,1,0,48475.12,0,0,0.2766955703697954
15594408,584,Spain,Female,48,2,213146.2,1,1,0,75161.25,1,1,0.7314924819228699
15807457,641,Spain,Female,36,1,0.0,2,1,0,102021.39,0,0,0.1658722897029362
15673908,602,Germany,Female,42,6,158414.85,1,1,1,131886.46,0,0,0.5509249070702221
15736578,539,France,Male,39,1,0.0,1,1,1,28184.7,0,0,0.3706344216969489
15721507,713,France,Female,32,1,117094.02,1,0,0,149558.83,1,0,0.3164567135227127
15794849,850,Germany,Male,22,7,91560.58,2,0,0,10541.38,0,0,0.1878360364398659
15618255,642,Germany,Female,56,6,103244.86,2,1,0,143049.72,1,1,0.8122170069040915
15581840,626,France,Male,33,8,0.0,2,1,0,138504.28,0,0,0.08105606265090054
15689176,663,France,Male,46,3,0.0,2,0,1,176276.1,0,0,0.22807674782818588
15643794,639,Spain,Female,27,2,0.0,1,1,1,82938.99,0,0,0.35655649216633345
15583680,615,Spain,Male,41,4,0.0,1,0,1,149278.96,0,0,0.4420244010068376
15632665,832,France,Male,61,2,0.0,1,0,1,127804.66,1,0,0.5035730945550906
15789582,587,France,Male,55,9,0.0,1,1,0,64593.07,0,1,0.8408642581738319
15758039,614,France,Male,44,6,0.0,2,0,1,104930.46,0,0,0.2261680346608084
15579826,439,France,Female,66,9,0.0,1,1,0,65535.56,0,1,0.8060535199426537
15674000,645,France,Male,44,10,0.0,2,0,1,166707.22,0,0,0.22135670443111669
15778320,848,Germany,Female,40,5,148495.64,1,0,0,158853.98,0,0,0.5386856199103509
15724691,712,France,Male,34,1,0.0,2,1,1,195052.12,0,0,0.08456554519921056
15807473,503,France,Male,38,1,0.0,2,1,1,95153.24,0,0,0.10162705259733171
15722322,655,Spain,Female,78,2,0.0,2,0,1,188435.38,0,0,0.13483639032919298
15690670,720,France,Male,33,2,0.0,2,0,1,141031.08,0,0,0.06711879212565247
15771509,538,Germany,Female,42,1,98548.62,2,0,1,94047.75,0,0,0.4331890553362595
15701946,715,France,Male,34,4,124314.45,1,0,0,97782.92,0,0,0.2769042450347591
15707322,779,France,Female,48,2,115290.27,1,0,0,98912.69,1,1,0.7831159487449986
15591150,570,Spain,Male,34,10,0.0,2,0,1,183387.12,0,0,0.08191372648496541
15728917,598,France,Male,48,6,120682.53,1,1,0,30635.52,1,1,0.7491966497683771
15808780,850,France,Female,34,2,0.0,2,0,0,51919.04,0,0,0.12779654352786926
15692132,717,Spain,Female,22,6,101060.25,1,0,1,84699.56,0,0,0.21841908238402122
15636736,611,France,Female,53,7,0.0,2,0,1,156495.39,1,0,0.3631575414375013
15764405,731,France,Male,29,10,0.0,2,1,1,162452.65,0,0,0.06862517001202652
15732299,756,France,Male,67,4,0.0,3,1,1,93081.87,0,0,0.5709708051331891
15798888,605,Germany,Female,31,1,117992.59,1,1,1,183598.77,0,0,0.4702515346545119
15603454,735,Germany,Male,28,5,160454.15,2,0,1,114957.22,0,0,0.18308513580048877
15735549,810,Germany,Male,35,3,96814.46,2,1,1,120511.03,0,0,0.1730261246314131
15613180,727,Germany,Male,21,8,153344.72,1,1,1,163295.87,0,0,0.3084305433273175
15771087,757,France,Female,71,0,88084.13,2,1,1,154337.47,0,0,0.285321320268501
15674833,741,France,Female,35,1,0.0,2,1,0,36557.55,0,0,0.15482802287218808
15810167,657,Spain,Male,75,7,126273.95,1,0,1,91673.6,0,0,0.28582532533122146
15675320,758,Spain,Female,40,5,93499.82,2,0,0,123218.81,0,0,0.3323802904223647
15748882,714,Spain,Male,29,9,0.0,2,1,0,129192.55,0,0,0.08161486028165635
15619537,550,France,Male,31,5,142200.19,2,1,1,122221.71,0,0,0.141353131222141
15669301,778,Germany,Female,29,6,150358.97,1,1,0,62454.01,1,0,0.5525908352147766
15591169,788,Germany,Female,49,4,137455.99,1,1,0,184178.29,1,1,0.9083701384442352
15699430,618,France,Female,35,10,0.0,2,1,0,180439.75,0,0,0.1726319488463089
15587394,462,France,Male,39,4,140133.08,2,0,0,131304.45,0,0,0.24067775703598457
15729454,465,France,Male,33,8,0.0,2,1,0,177668.55,0,0,0.14242315097516445
15723481,728,Spain,Male,42,8,0.0,2,0,1,41823.22,0,0,0.14560016587710783
15654733,794,Germany,Male,57,3,117056.46,1,1,0,93336.93,1,1,0.9040276427125571
15718245,730,France,Male,34,1,0.0,2,1,1,126592.01,0,0,0.06530606393788636
15661656,633,France,Male,38,2,91902.56,2,1,1,107673.35,0,0,0.140550650505503
15790683,850,France,Male,36,1,104077.19,2,0,1,68594.0,0,0,0.1169073364364373
15588928,704,France,Male,47,5,0.0,2,1,1,145338.61,0,0,0.21003463864878874
15606849,698,France,Female,27,1,94920.71,1,1,1,40339.9,0,0,0.19881422187942163
15693322,635,Germany,Female,37,9,146748.07,1,0,1,11407.58,0,0,0.47813496122025606
15607176,674,France,Male,22,3,0.0,1,1,1,173940.59,0,0,0.27473817065318995
15675854,573,Spain,Male,50,0,159304.07,1,0,1,155915.24,1,0,0.5215683400299944
15745533,799,France,Female,63,1,110314.21,2,1,0,37464.0,1,1,0.6728034076925122
15678201,548,France,Female,46,1,0.0,1,1,1,104469.06,1,1,0.6756774558601072
15605339,673,France,Female,37,10,0.0,2,1,1,37411.35,0,0,0.24914784648406646
15707110,660,Germany,Male,28,2,170890.05,2,1,0,41758.9,0,0,0.20525339227948888
15747649,558,Germany,Female,36,0,126606.63,2,1,1,172363.52,0,0,0.27752886926430387
15700965,724,France,Female,32,6,0.0,2,1,1,150026.79,0,0,0.11350116379543655
15748595,689,France,Female,29,1,77556.79,2,1,1,122998.26,0,0,0.1364296633682624
15698716,620,France,Female,70,3,87926.24,2,1,0,33350.26,1,1,0.6386361423900033
15581626,664,France,Male,54,8,0.0,1,1,1,162719.69,1,0,0.5480349759058973
15725039,702,Spain,Male,32,8,71667.74,1,1,1,126082.18,0,0,0.2013714230733555
15685357,750,Spain,Female,36,8,112940.07,1,0,1,9855.81,0,0,0.24877942817575147
15805463,682,Germany,Male,32,2,105163.88,2,1,1,164170.46,0,0,0.16731708832331574
15813590,610,Spain,Male,42,6,0.0,2,1,0,158302.59,1,0,0.1668350151116105
15635502,443,France,Male,44,2,0.0,1,1,0,159165.7,0,1,0.7074187037551869
15627484,686,France,Female,47,5,113328.93,1,1,0,124170.9,0,1,0.7815055348364552
15747014,850,France,Female,28,1,105245.34,1,0,1,74780.13,0,0,0.18561564832544902
15753591,438,France,Male,38,2,0.0,2,1,0,136859.55,0,0,0.13719162866369783
15797905,682,France,Female,48,7,0.0,2,1,0,65069.03,0,0,0.42647920353713153
15656822,568,Germany,Male,43,5,87612.64,4,1,1,107155.4,1,1,0.8065061625867517
15636428,703,Spain,Female,45,1,0.0,1,1,0,182784.11,1,1,0.7766194382012199
15566594,709,Spain,Male,23,10,0.0,2,0,0,129590.18,0,0,0.08341483317422428
15719649,553,France,Male,38,3,99844.68,1,0,0,187915.7,0,0,0.36674727216825503
15631339,791,France,Male,28,4,0.0,1,1,0,174435.48,0,0,0.36605749501435925
15691792,416,Spain,Male,35,8,0.0,1,0,0,119712.78,0,0,0.41294165172618746
15593280,614,Germany,Male,43,8,140733.74,1,1,1,166588.76,0,1,0.7110528866249476
15811589,716,Spain,Male,42,8,0.0,2,1,0,180800.42,0,0,0.18720335850246939
15691817,547,Spain,Female,44,5,0.0,3,0,0,5459.07,1,1,0.709762882993974
15714466,846,France,Female,41,5,0.0,3,1,0,3440.47,1,0,0.5462704475123785
15804017,631,Germany,Female,33,4,123246.7,1,0,0,112687.57,0,0,0.599712564942517
15615016,515,France,Male,33,2,0.0,2,1,1,136028.97,0,0,0.07072163157900303
15812920,607,Germany,Male,40,5,90594.55,1,0,1,181598.25,0,0,0.5355364665243868
15794841,739,Spain,Male,19,5,89750.21,1,1,0,193008.52,0,0,0.2910240119101853
15767488,680,Spain,Male,36,7,0.0,2,1,0,20109.21,0,0,0.0843951641754516
15583392,747,Germany,Male,37,9,135776.36,3,1,0,85470.45,1,1,0.8937730241876868
15614103,850,Germany,Male,42,8,119839.69,1,0,1,51016.02,1,1,0.6298048219740655
15613623,640,Spain,Male,62,3,0.0,1,1,1,101663.47,0,0,0.5474003318784725
15589805,563,France,Female,34,6,139810.34,1,1,1,152417.79,0,0,0.2724919954085989
15648030,731,Spain,Female,33,5,137388.01,2,1,0,165000.68,0,0,0.2933575475407537
15709653,497,France,Male,32,8,0.0,2,1,0,67364.42,0,0,0.08091951790268913
15729083,674,France,Male,36,2,154525.7,1,0,1,27468.72,0,0,0.22778902452511612
15625881,634,Germany,Male,37,3,111432.77,2,1,1,167032.49,0,0,0.28305732193581057
15724321,516,Germany,Female,47,9,128298.74,1,0,0,149614.17,1,1,0.9068454126598913
15685109,689,France,Male,39,7,0.0,2,0,0,14917.09,0,0,0.09670645782292173
15652218,750,France,Male,33,2,152302.72,1,1,0,71333.44,0,0,0.30748665485910937
